edge,label,N1,N2,N3,N4,N5,N6,N7,N8,N9,N10,N11,N12,N13,N14,N15,M1,M2,M3,M4,M5,M6,M7,M8,M9,M10,M11,M12,MS,RA,RA_L3,CN_L3,CAR,Sespl,n2v,dw,gw,GDV
"(31, 34)",1,170,693,6120,2124,87,213585,58564,68076,90220,4246,147736,624,5734,7238,5185,11,8,19,15,29,18,35,51,3,8,37,20,0.07766990291262135,0.6217463092463091,6.150093468257278,80.0,448.0,0.7968594018297707,-0.9470565603946453,-1.0868688175178538,-0.42520731794692457,-777.5011254011148
"(69, 70)",1,18,0,288,39,0,600,476,0,198,0,616,0,0,121,12,3,3,0,0,5,3,8,2,0,0,7,3,0.15789473684210525,0.35119047619047616,1.6188124171597986,13.0,31.5,0.8292083585968286,-0.7475864690545114,-0.7383724654328728,-0.09588154523712766,-44.44097208657794
"(8, 12)",1,306,702,18733,13843,12,181412,167678,23562,97109,3840,442931,17640,75294,342600,162396,9,13,2,4,16,14,50,17,16,17,100,61,0.05220883534136546,0.5955488468646364,10.946076672691618,238.0,1768.0,0.9819365605904936,-0.8103792025631269,-0.5749716608736796,-0.04134625704143469,-167.95237420173612
"(26, 37)",1,176,603,6110,2438,0,177376,46060,49129,88752,2960,206035,390,6832,5661,6956,9,9,11,13,33,11,38,51,1,7,30,29,0.08333333333333333,0.6800356506238859,6.731721559226413,89.0,567.0,0.8154823157478728,-1.0065991436717743,-1.0834648688711974,-0.38070245857658436,-693.626700754808
"(92, 97)",1,9,4,288,1,0,1944,2370,589,430,1,13,1,0,1,0,2,2,0,0,12,0,8,2,1,1,2,0,0.5,0.35,0.5668457779683794,3.0,10.0,0.6964712196205057,-0.8658809200859628,-0.8923765477085308,-0.4663419809014547,-77.1167945391923
"(60, 121)",1,49,21,1890,252,0,54516,23055,1653,25080,14,21307,10,52,1050,336,4,5,1,2,4,1,29,9,2,0,11,10,0.13513513513513514,0.4766339869281046,3.3045057710692443,33.0,150.0,0.8921998119620534,-1.1640748658763487,-1.3040961930863415,-0.47711292522741516,-39.50949253027682
"(0, 8)",1,396,1248,13231,23241,16,156750,51156,34342,38736,10432,621900,11760,172020,228971,355212,6,17,2,1,20,8,46,24,4,24,78,112,0.05198776758409786,0.7866461553532493,14.088474398175052,306.0,2958.0,0.9012401057779758,-0.6752521545389935,-0.7213406938295429,-0.14274661612662787,-616.7154935624692
"(46, 91)",1,96,24,396,1134,0,28,3564,70,144,0,1750,2,168,1736,4500,4,8,4,0,9,2,1,19,0,1,13,27,0.1038961038961039,0.7656565656565657,6.335807200676328,67.0,272.0,0.8121113378764525,-1.0749738022490656,-1.1899411464727494,-0.6474511412838209,-141.77799547179387
"(30, 64)",1,117,798,3431,600,216,106020,81744,119520,38270,8305,14094,99,440,1428,670,18,2,27,76,52,49,29,32,1,0,4,1,0.03508771929824561,0.22941176470588237,0.9630523847254235,7.0,35.0,0.7906641988013889,-2.0191215511428258,-1.8734876799030058,-0.6219655492565364,-466.5233113146652
"(97, 99)",1,9,2,360,2,0,3240,6636,434,1419,0,182,0,0,1,0,2,2,0,0,8,0,12,3,1,0,1,1,0.4,0.31666666666666665,0.7294482101770294,4.0,15.0,0.7446726467421974,-0.9314342106363256,-0.9208238362066549,-0.16141597769011015,-35.07135583350036
"(132, 134)",1,10,0,1610,7,0,81500,28260,0,37368,0,4321,0,0,3,0,3,2,2,0,16,1,28,1,0,0,5,1,0.2,0.22941176470588237,0.6915151671428683,7.0,35.0,0.7267215180144744,-1.4488409952342662,-0.8055852248900586,-0.19948919438362842,-154.46682491719702
"(126, 130)",1,9,0,132,6,0,441,110,0,240,0,270,0,0,6,0,2,2,0,0,0,0,7,1,1,0,3,1,0.2857142857142857,0.3333333333333333,1.138354503153699,6.0,12.0,0.94965543741467,-0.7145981603898028,-0.6616887772433142,-0.4023392367697187,-4.358898943540674
"(5, 24)",1,342,840,18626,17544,24,211988,60536,28428,85554,5280,772016,14946,100435,298035,239598,11,13,4,8,9,21,36,21,22,17,122,61,0.046762589928057555,0.5878102360838935,12.055051557846179,266.0,1820.0,0.9295323042182957,-0.44217547652684186,-0.6250487729534132,-0.05076743259495985,-204.63137589333655
"(136, 140)",1,20,1,252,45,0,551,5625,100,1440,0,680,2,6,50,14,1,4,0,0,0,0,10,0,0,1,4,5,0.2222222222222222,0.6000000000000001,2.1658855235373746,14.0,48.0,0.9708871749087357,-0.8670753886681641,-0.6769118696528253,-0.20995425634344878,-19.924858845171276
"(27, 34)",1,120,117,4352,1908,1,158775,42592,11067,66040,176,149301,260,4465,3388,6588,2,10,0,0,12,1,42,4,0,9,16,36,0.10101010101010101,0.8035644910644912,6.727156510711928,88.0,650.0,0.8983792713556995,-0.7102750860241805,-0.802317224745713,-0.10419919235569038,-207.53794833716555
"(11, 12)",1,578,10422,20735,19075,11532,152768,83426,403155,102524,185640,503826,19698,106266,328800,197790,23,14,146,49,39,47,52,227,11,20,95,71,0.04697986577181208,0.6498269217309465,11.449357723200288,248.0,2023.0,0.7973719234859793,-1.2264703749597214,-1.5168886899798601,-0.7690865347002808,-4395.227866675401
"(68, 70)",1,15,0,378,24,0,930,476,0,308,0,392,0,0,209,4,2,3,0,0,7,1,11,2,0,0,4,3,0.21428571428571427,0.35119047619047616,1.2023203697025424,10.0,31.5,0.8331401775847275,-0.8449396792743372,-0.7013054004939069,-0.11887078104482458,-30.463092423455635
"(65, 70)",1,18,0,288,39,0,600,476,0,198,0,616,0,0,121,12,3,3,0,0,5,3,8,2,0,0,7,3,0.15789473684210525,0.35119047619047616,1.6188124171597986,13.0,31.5,0.8292083585968286,-0.7160783709355568,-0.7919207857652172,-0.25692211160470013,-44.44097208657794
"(63, 66)",1,72,138,99,240,0,9,2312,220,15,121,266,9,230,156,99,6,6,9,0,0,6,3,34,0,3,2,12,0.15789473684210525,0.9123015873015873,3.949965459007225,26.0,87.0,0.7696762173634758,-0.9513850685093114,-1.1807361119194186,-0.20950591423280204,-156.64609794054877
"(20, 24)",1,360,864,14606,19866,18,140120,122360,22356,59073,5390,622566,11342,115010,259371,296786,10,14,3,6,24,18,21,27,18,15,113,76,0.04713804713804714,0.6536365666161064,13.00199539292844,283.0,2002.0,0.9211843858242174,-0.5599188926965092,-0.6858931936704825,-0.09877624322354997,-306.73767293894633
"(127, 128)",1,12,2,120,8,0,294,90,1,224,0,345,1,2,6,0,1,3,0,0,0,0,7,1,0,1,2,2,0.3333333333333333,0.6666666666666666,1.0773502691896257,6.0,19.5,0.9546349179933876,-0.7929765370691683,-0.6206682263200425,-0.07991058052032751,-11.489125293076057
"(4, 21)",1,400,1296,15500,23716,56,169100,30609,39672,54502,9797,938740,12654,182750,235176,367235,8,16,1,4,0,11,45,25,12,23,103,97,0.04938271604938271,0.722500497089944,14.044693829648196,309.0,2736.0,0.9934419462269571,-0.7603904518555735,-0.6927794970925871,-0.008602700931237196,-110.90085662428402
"(44, 39)",1,44,84,200,52,0,0,3136,0,0,0,0,4,16,20,0,7,4,12,0,46,9,0,28,0,2,0,4,0.19047619047619047,1.0,2.0,8.0,16.0,0.46429528583497715,-1.1726129227026567,-1.4368249538211701,-0.39976124281638586,-755.7737756762932
"(61, 99)",1,30,36,120,18,0,45,3192,924,66,0,28,0,4,0,0,11,1,27,16,16,10,0,10,2,0,1,0,0.08333333333333333,0.3333333333333333,0.7264214676896119,3.0,0.5,0.7837848623871592,-1.485772893538255,-1.5788801076677135,-0.5345808527022401,-124.5672509129105
"(1, 13)",1,567,8480,18232,23630,3990,198306,53743,363558,47422,180810,667250,17289,181040,294046,299625,14,17,30,36,42,21,60,164,4,29,74,107,0.05214723926380368,0.7972141807281128,13.443627869489182,292.0,2958.0,0.8164685523396285,-1.3728639384653556,-1.3276590885374664,-0.4592718925733437,-2448.117031516263
"(3, 14)",1,400,1184,10769,24174,14,22165,134827,21894,30384,8232,360726,10120,180498,228123,382072,8,16,1,4,36,11,9,28,12,20,100,100,0.04892966360856269,0.7569924756995696,14.547188297304128,312.0,2472.0,0.8492077275540656,-0.6348336765712164,-0.7828827674472442,-0.12482339503027878,-930.3907781142287
"(1, 23)",1,441,1600,11872,28900,30,166014,34704,37170,23711,15621,755170,12091,243536,198982,498435,4,19,1,2,11,1,51,13,2,33,63,138,0.052924791086350974,0.883298957888405,15.655648693235307,341.0,3705.0,0.9330491304774184,-0.7692786961686398,-0.6652017317584618,-0.041999794164923096,-214.7905956972977
"(50, 54)",1,6,0,42,2,0,16,56,0,42,0,25,0,0,1,0,1,2,0,0,0,0,4,1,0,0,1,1,0.4,0.39285714285714285,0.731517863602501,3.0,7.0,0.9269464207875058,-0.617773528121318,-0.7979714385523934,-0.20132864596546687,-5.656854249492381
"(119, 125)",1,72,70,1292,546,2,35754,20155,930,22644,78,29600,56,1026,630,682,1,8,0,0,1,0,25,3,0,7,5,21,0.14545454545454545,0.9607609710550886,5.166333621121587,47.0,288.0,0.9463886528261544,-0.6438294315360035,-0.7664270273554831,-0.41792386579543644,-41.19465984809196
"(114, 116)",1,6,0,2295,3,0,348558,14742,0,70740,0,4100,0,0,2,0,1,2,0,0,8,0,41,0,0,0,2,1,0.3333333333333333,0.22272727272727275,0.3151344904398423,4.0,45.0,0.8183001174567358,-0.8603813457279235,-0.7289861681097138,-0.2573480613250157,-64.79197481170026
"(3, 4)",1,400,1332,11036,23562,49,20900,129059,21402,34272,9898,355416,12210,190825,237566,355702,8,16,0,2,36,12,9,29,14,22,99,98,0.04953560371517028,0.771715557914912,14.48470660177483,309.0,2432.0,0.8490526121084978,-0.6648547477407615,-0.6861872986355697,-0.1288061361130008,-914.2980914340793
"(147, 148)",1,4,0,49,1,0,100,64,0,25,0,25,0,0,1,0,0,2,0,0,0,0,5,0,0,0,0,1,0.5,0.4583333333333333,0.4082482904638631,2.0,7.0,1.0,-0.6905957633348456,-0.6761893815120172,-0.25725096445835477,-0.0
"(120, 124)",1,42,10,1980,208,0,60813,21016,896,26076,0,16100,50,120,1296,180,3,5,0,0,3,1,30,3,2,2,12,8,0.14705882352941177,0.5083800186741363,3.0237589825919495,30.0,145.0,0.9380056325323983,-0.7463193293161019,-0.8917800911936534,-0.14307215003614526,-40.17461885320133
"(64, 70)",1,27,0,846,45,0,9300,2184,0,3916,0,1218,0,0,187,10,8,2,14,3,34,7,5,7,4,0,9,1,0.1,0.20833333333333331,2.0347329023078538,15.0,16.0,0.6786485161966671,-1.2624629214278984,-1.1034504829789873,-0.22952836673244378,-441.6152171291202
"(150, 152)",1,9,1,729,4,0,26569,28561,576,18769,0,576,1,1,4,0,0,3,0,0,0,0,24,0,0,1,0,2,0.42857142857142855,0.6203703703703703,0.769800358919501,4.0,42.0,1.0,-0.9200920229472759,-0.7680568403343094,-0.1066832669390844,-0.0
"(15, 24)",1,342,672,17822,18447,12,204304,67298,25668,74496,3300,848876,9858,91160,276018,276573,11,13,5,5,9,20,36,33,25,7,110,71,0.0456140350877193,0.5662882939737159,12.480514108439388,277.0,1872.0,0.9318591628740636,-0.5637157311891327,-0.6472661257892539,-0.04523579518615373,-218.4055860091495
"(74, 76)",1,60,56,1568,221,0,7498,66216,3036,12540,0,12782,4,80,696,156,6,5,6,4,28,4,18,22,1,1,8,9,0.14285714285714285,0.5558473389355743,2.733433890649322,27.0,110.0,0.7311787446049376,-1.1517612499585252,-1.3314168986648411,-0.2401124457677189,-339.7396061691954
"(60, 61)",1,70,252,360,126,62,231,6042,3762,330,686,298,4,16,0,80,15,1,29,54,50,22,0,14,0,0,1,0,0.041666666666666664,0.3333333333333333,0.3333333333333333,1.0,0.5,0.7191740641464622,-2.227707829151975,-2.1007066313889196,-0.41375141337869964,-352.1519558372493
"(13, 24)",1,486,5088,23048,17931,1995,216508,71806,283452,105342,80850,725900,16218,96725,338847,209525,17,14,57,39,49,27,56,147,13,16,91,75,0.04964539007092199,0.6395700704524234,11.553623280213447,254.0,2079.0,0.8189553243772383,-1.3261563807263121,-1.1730080257781819,-0.516073965209201,-2487.920818675707
"(59, 61)",1,50,252,32,27,186,1,988,924,2,294,0,2,0,0,5,11,2,20,24,5,11,1,21,0,1,1,0,0.14285714285714285,0.6666666666666666,0.3333333333333333,1.0,2.0,0.67068490319424,-1.7155463550235364,-1.9417382507044394,-0.3363003947755185,-95.57196241576293
"(64, 132)",1,18,0,1645,15,0,101060,24492,0,30794,0,2523,0,0,51,0,9,1,15,6,15,13,29,6,2,0,3,0,0.058823529411764705,0.029411764705882353,0.6627490880907075,5.0,16.0,0.7137979575033944,-1.7664504937937078,-1.5585912994972562,-0.25635677352239655,-264.55245226608656
"(75, 80)",1,8,0,132,5,0,168,2891,0,255,0,189,0,0,2,0,2,2,0,0,4,1,6,1,0,0,3,1,0.25,0.30000000000000004,0.8109588841051886,5.0,11.0,0.7832530272812128,-1.1484669904724272,-0.6467463630549676,-0.15288149220683261,-24.24871130596428
"(2, 30)",1,572,25916,8687,10560,118104,66348,60260,1683360,27090,985577,110484,3201,36388,30828,64923,35,11,327,66,78,202,32,357,0,18,28,37,0.03492063492063492,0.8685383244206776,7.649809752361028,102.0,737.0,0.6920667960909253,-1.7292402915060245,-2.0003952342843214,-1.5889942046927032,-8731.728752085695
"(11, 122)",1,238,1930,2465,2800,1922,0,37370,13175,3976,6188,10218,1206,7164,18084,7980,27,7,202,0,138,149,0,179,0,5,10,16,0.03535353535353535,0.8996031746031745,5.217039473907352,42.0,147.0,0.4716700908318694,-1.4085218660295329,-1.7266437710172073,-1.7257425187787119,-4678.05173122316
"(84, 103)",1,75,0,3420,350,0,267748,21330,0,69828,0,27384,0,0,450,540,12,4,26,11,27,29,41,44,0,0,4,6,0.08163265306122448,0.4671717171717171,1.805990707186158,16.0,114.0,0.6992957255777386,-1.8542198178753941,-1.8106931485628226,-0.4866301380107019,-815.964460010361
"(2, 115)",1,44,0,476,0,0,388,5520,0,504,0,0,0,0,0,0,43,1,642,0,118,261,0,40,0,0,3,0,0.0037735849056603774,0.2,0.7092666282566474,3.0,1.5,0.3433937549517959,-2.1321875249070015,-1.8451077002403702,-1.9096001540717402,-9052.914558306624
"(84, 92)",1,45,140,912,35,0,14634,4050,14193,2760,279,163,2,0,75,0,14,2,45,12,81,33,0,27,1,0,1,1,0.05263157894736842,0.5833333333333333,1.0485995896194942,4.0,3.0,0.6344134167063871,-1.801194051380333,-1.7579892802111237,-0.1876013003446685,-1006.0839925175234
"(121, 124)",1,49,15,1848,288,0,54988,20590,928,24168,5,20020,50,195,1260,315,2,6,0,0,2,0,30,2,1,3,10,12,0.15,0.6333800186741363,3.5726780388799924,35.0,192.0,0.9455545748288252,-0.6512278332846824,-0.7928605913294722,-0.14307215003614523,-13.379088160259652
"(60, 119)",1,56,49,1710,294,1,46662,23055,1710,25245,84,23840,16,108,900,352,5,5,2,3,2,2,25,10,3,1,15,9,0.125,0.5083800186741363,3.7232520229659944,36.0,145.0,0.889591188393338,-1.1081478550120516,-1.1924250900318587,-0.44905508765745356,-52.86775955154521
"(65, 68)",1,30,4,336,104,0,620,1156,100,126,0,1232,8,48,209,48,1,5,0,0,0,0,11,0,0,2,5,8,0.19230769230769232,0.6289682539682541,2.7064444666125227,21.0,80.0,0.9764430230192767,-0.739626552021618,-0.7709318937686707,-0.28814002610408834,-24.269322199023193
"(2, 32)",1,396,5456,6069,7392,0,13774,44160,136773,9324,58743,79794,2716,31426,35966,35853,35,9,377,0,86,218,24,297,0,8,18,28,0.029900332225913623,0.7198083778966132,5.9127525785615695,74.0,441.0,0.5685824850015951,-1.4931112871826782,-1.7559363661946676,-1.7991883147180243,-9012.27474059685
"(5, 23)",1,399,1400,15568,23120,40,188069,27072,43260,53214,12192,869648,15087,186089,236985,343602,8,16,2,5,0,11,45,19,10,27,109,93,0.049689440993788817,0.7274788520682989,13.905701284582069,305.0,2720.0,0.9850907803808234,-0.6555840201416612,-0.38519274091652594,-0.08035218476559187,-323.2924372762221
"(68, 69)",1,30,4,336,104,0,620,1156,100,126,0,1232,8,48,209,48,1,5,0,0,0,0,11,0,0,2,5,8,0.19230769230769232,0.6289682539682541,2.7064444666125222,21.0,80.0,0.9764430230192767,-0.8108806586984008,-0.5656788474137279,-0.05720188305397117,-24.269322199023193
"(4, 8)",1,360,936,16244,19558,14,158840,72674,26796,64022,6464,693764,13320,119850,272938,284076,10,14,4,6,15,17,30,24,18,17,116,74,0.04745762711864407,0.6366461553532492,12.871009192531636,282.0,2058.0,0.9029151680657805,-0.7924596377075288,-0.8065179900095861,-0.07777197195251076,-450.64287412539875
"(2, 3)",1,880,25234,10591,40392,34447,10670,82915,431361,18144,639646,241428,10670,371323,182399,567834,26,19,232,21,73,68,7,419,4,34,75,137,0.04357798165137615,0.9272711134704676,16.97297900778723,353.0,3382.0,0.6660797406790675,-1.5292664038725376,-1.3008684869722469,-1.211804801832331,-8840.917486324595
"(35, 36)",1,165,610,4880,1980,66,175616,41949,50537,67250,2710,131765,390,3551,5487,5655,8,9,7,10,11,9,43,50,2,7,22,29,0.09183673469387756,0.7014031719914073,6.2450215857346905,82.0,553.5,0.846924046255542,-1.0990697224819461,-1.4063179553566947,-0.276378085691375,-513.9756803585166
"(14, 22)",1,340,864,18271,17222,4,228098,56848,32218,75749,5712,685787,13708,105726,290088,226244,11,13,7,4,9,20,36,26,24,13,117,65,0.04642857142857143,0.5782272322284436,12.276685266489649,271.0,1839.5,0.930718378805423,-0.7261414820623464,-0.6874990074745283,-0.10459427857740332,-575.3277326880741
"(66, 70)",1,18,0,198,36,0,90,952,0,110,0,266,0,0,143,9,5,2,2,0,8,4,0,1,4,0,9,1,0.11764705882352941,0.26785714285714285,1.9817367084512971,15.0,11.0,0.8105062925936158,-0.7453936007029311,-0.6998047833061851,-0.13986179118535655,-65.58200972827838
"(30, 37)",1,208,2546,6862,2120,1872,164844,123140,323040,73960,44696,75006,858,4928,9324,4958,13,8,23,35,93,15,6,68,5,7,36,21,0.07920792079207921,0.6573083778966132,6.5176262939299,83.0,336.0,0.8622377128927745,-1.3069340955901168,-1.454025333442573,-0.1909949699325483,-527.6968826892954
"(15, 16)",1,380,1092,15694,21593,28,172212,56012,32550,59392,6960,778302,12183,154456,262654,318648,9,15,2,4,9,14,36,27,16,19,108,86,0.04854368932038835,0.6860767356661825,13.535348100234714,296.0,2370.0,0.93052072796506,-0.8120572382655968,-0.7154707041932781,-0.08298884355802431,-264.2404208292138
"(90, 93)",1,90,15,361,1320,0,96,3080,95,72,10,2640,12,510,1749,5525,1,9,0,0,7,0,3,2,0,3,7,33,0.10975609756097561,0.8739898989898991,6.871367473097262,73.0,342.0,0.863774601926787,-0.7380706013367897,-0.717673869668391,-0.14526377556771813,-59.49789912257407
"(114, 115)",1,2,0,180,0,0,1204,6048,0,1048,0,0,0,0,0,0,1,1,0,0,42,0,2,0,0,0,1,0,0.5,0.2,0.06741998624632421,1.0,1.5,0.5395345469557933,-0.9271067554154083,-0.7815612812989116,-0.45283244352608293,-660.3150763082728
"(64, 131)",1,45,84,1927,90,9,76570,28860,5727,36312,110,11745,0,50,51,20,8,3,4,12,23,12,28,21,0,0,3,3,0.125,0.47941176470588237,1.0649728749347651,9.0,55.5,0.8087594448156596,-1.6666074460661682,-1.5075747118308802,-0.2788564470313384,-249.90998379416538
"(1, 24)",1,378,960,14204,21930,18,187128,77602,24426,38121,6765,670390,11978,131440,250242,347565,5,17,0,2,9,6,62,16,2,24,69,112,0.05379746835443038,0.7806673789410363,13.470647041681891,295.0,3017.5,0.9657742574993142,-0.7424672073321784,-0.6367906815590095,-0.1253830783406232,-388.1301328163017
"(11, 20)",1,680,13896,15805,26950,11532,109120,76760,426870,57652,303212,572994,14338,172732,264684,343140,24,15,132,78,24,49,30,254,17,18,106,87,0.0436046511627907,0.692762158373277,13.836210148868984,297.0,2325.0,0.7944154118595528,-1.372423631084231,-1.3654095783759295,-0.6812048914464122,-4351.754358876429
"(15, 21)",1,380,1008,16625,22022,32,201140,35739,42408,58624,5820,929390,10602,147920,252888,339405,7,16,0,3,6,9,56,22,9,21,90,99,0.051118210862619806,0.7169449415343885,13.383920878118442,297.0,2752.0,0.985359978287586,-0.5493020607432845,-0.5521548334603604,-0.04632236699126152,-139.13662350366275
"(13, 81)",1,162,424,5504,1807,0,24908,52405,30810,25340,0,79050,306,2920,15144,5100,23,5,107,21,142,124,20,105,1,1,10,9,0.03184713375796178,0.4891806722689076,2.9346581289616367,29.0,120.0,0.6219785600166469,-1.7342645265888013,-1.7302003998101672,-1.5966554235257182,-2893.2191413717696
"(77, 80)",1,6,0,88,3,0,112,1180,0,51,0,70,0,0,6,0,3,1,0,0,10,1,0,0,2,0,3,0,0.2,0.2,0.7930593188791158,5.0,1.5,0.8091939821280353,-1.1463069508085693,-0.8660823699025965,-0.1446900875872023,-42.16633728461603
"(100, 61)",1,110,540,160,360,310,23,2546,4158,18,2205,130,6,120,0,425,19,1,32,89,22,49,1,19,1,0,0,0,0.02,0.3333333333333333,0.14907119849998599,1.0,0.5,0.8170810425578415,-2.1571068177527764,-1.9353348411854328,-0.5345808527022401,-135.3883303686104
"(4, 16)",1,400,1404,14632,23254,49,144780,47972,30450,55216,11716,786132,14541,190825,244258,344776,8,16,0,3,9,12,36,25,13,25,103,95,0.04984423676012461,0.7504558206335028,14.08981699299433,306.0,2632.0,0.9321254413013336,-0.81024496253378,-0.7968754890655035,-0.052316714328573925,-246.3026593441492
"(40, 41)",1,16,4,121,16,0,361,2116,49,81,0,196,4,16,16,0,0,4,0,0,0,0,7,0,0,2,0,4,0.3333333333333333,0.8409090909090909,1.6030226891555273,8.0,30.0,1.0,-0.8426746196157553,-0.855023652251578,-0.5598905429136649,-0.0
"(1, 22)",1,357,1080,16006,18530,12,234324,73264,32037,47029,8364,528305,16837,130448,294512,244635,4,17,2,0,12,4,77,11,0,27,57,109,0.057432432432432436,0.7873013882066247,12.619505792969841,275.0,2992.0,0.9662444566623808,-0.598307383894479,-0.5576300268532537,-0.16366172447666913,-558.4747084694167
"(51, 54)",1,4,0,21,1,0,0,72,0,7,0,5,0,0,1,0,2,1,0,0,4,0,0,0,1,0,2,0,0.3333333333333333,0.25,0.6958752613354189,3.0,1.0,0.7148051616125461,-0.8389446963228079,-0.5686832338811499,-0.20045042386641498,-9.219544457292887
"(46, 48)",1,24,0,36,42,0,0,1080,0,0,0,0,0,0,28,0,10,2,4,0,16,41,0,20,0,0,0,1,0.044444444444444446,0.6666666666666666,0.6666666666666666,2.0,2.0,0.43916335742512724,-1.4628597684756368,-1.4510541190777968,-0.28604015489660717,-179.84159696799847
"(74, 77)",1,30,0,448,51,0,1304,5340,0,570,0,1660,0,0,87,13,7,3,8,0,49,13,4,20,0,0,1,3,0.13043478260869565,0.575,1.4332225181269076,7.0,16.5,0.619265384930076,-1.3217139353578358,-1.3334011028035604,-0.2738905258483288,-480.72965375562177
"(2, 25)",1,924,27962,9758,44616,34447,25220,71530,505008,14364,815875,290532,10088,420116,158177,668610,25,20,209,21,65,67,15,440,3,37,60,153,0.04415011037527594,0.9699382388001316,17.699769312321102,369.0,3810.0,0.687375542393226,-1.513874962640309,-1.5827908726844895,-1.192132771586187,-8796.31428497186
"(58, 59)",1,15,14,60,3,0,21,1378,294,22,6,0,0,0,0,0,6,1,4,7,14,3,0,5,1,0,1,0,0.2,0.3333333333333333,0.3651483716701107,2.0,0.5,0.6186795767154037,-1.703219442665547,-1.5118741130016682,-0.074006859346245,-43.474130238568314
"(33, 35)",1,165,610,4800,1980,66,176064,44250,49495,65905,2981,128877,442,3445,5301,5720,8,9,7,11,12,9,42,48,1,8,24,28,0.09183673469387756,0.7050796425796426,6.187832066530718,81.0,549.0,0.8430271104812996,-1.23889769496429,-1.5055069028648933,-0.2813203564610268,-517.025144456244
"(8, 11)",1,612,10036,18995,22225,3844,147136,82012,405790,76396,198016,543126,16080,112236,312908,266760,24,14,147,62,31,49,40,235,18,15,101,76,0.04430379746835443,0.6390271077342016,12.484541919648551,271.0,2051.0,0.7959787281969988,-1.463466153665145,-1.6582172474015844,-0.7429368669083503,-4385.752386991313
"(64, 67)",1,63,147,517,210,18,2790,2808,2241,1068,330,2349,9,170,204,100,4,6,0,3,34,3,5,22,0,3,2,12,0.17142857142857143,0.9083333333333333,3.8519199091401104,26.0,93.0,0.6635364549636311,-1.136096067328679,-1.1823758122293027,-0.1910116511343346,-452.1614755814564
"(91, 102)",1,72,3,550,891,0,44,4290,16,288,0,1750,8,102,3286,3250,3,7,0,0,10,1,0,2,2,1,19,20,0.1044776119402985,0.6747474747474748,5.671023160361474,61.0,206.5,0.8504008838860555,-0.8264852291726038,-0.5836957952583414,-0.12496041002195435,-56.0357029044876
"(120, 123)",1,48,10,1665,299,0,46197,21016,168,24928,0,23345,20,176,756,360,4,5,2,1,1,1,25,3,2,1,17,9,0.12195121951219512,0.4766339869281046,3.8026419364115345,37.0,150.0,0.9396719206765206,-0.7458740411940629,-0.7262684746291266,-0.07223035080862401,-128.07419724519065
"(44, 114)",1,22,0,2250,13,0,338324,14112,0,68644,0,3813,0,0,10,0,9,2,26,0,7,10,41,16,0,0,2,1,0.125,0.22272727272727275,0.48007769021765845,4.0,45.0,0.7512162355512833,-2.1299805245725363,-1.7298710740146728,-0.40958277197033305,-416.7697205892002
"(42, 43)",1,16,4,121,16,0,361,2116,49,81,0,196,4,16,16,0,0,4,0,0,0,0,7,0,0,2,0,4,0.3333333333333333,0.8409090909090909,1.6030226891555273,8.0,30.0,1.0,-0.9504565182366649,-0.7039487287897811,-0.09562378410934537,-0.0
"(7, 16)",1,480,2223,7670,33069,91,104775,30820,35700,25984,24012,710181,5109,359649,78183,569704,4,20,0,0,9,6,36,18,0,39,62,151,0.05128205128205128,0.9536304238081061,17.013414946815164,364.0,4000.0,0.9324802003241174,-0.8296764952288938,-0.7067505535318226,-0.13299837102077527,-728.7722552347886
"(22, 24)",1,306,648,20234,14061,6,255832,97888,24978,104469,3740,574742,15794,69695,339384,171071,9,13,2,5,17,14,58,21,15,14,96,64,0.05179282868525897,0.5820382303118876,10.839659843554914,239.0,1833.0,0.9862366294588111,-0.693580281284174,-0.6166586008901878,-0.03845272001574685,-292.60382772615947
"(9, 14)",1,420,1312,11858,26702,20,118482,68816,28480,30173,9912,719414,9016,206226,206091,449228,5,18,0,2,20,4,44,23,4,25,67,128,0.05217391304347826,0.8352753039823981,15.028308149778129,327.0,3303.0,0.9019076130891492,-0.7126882870487476,-0.778323123769924,-0.09292952529506651,-404.149724730823
"(3, 11)",1,680,14282,12905,26775,13454,19360,145642,324105,40896,303212,278244,14740,178702,272356,334020,24,15,132,80,45,49,9,249,15,21,111,84,0.043731778425655975,0.7152729808840996,13.896882771975534,294.0,2160.0,0.7367607641887437,-1.4377129409106855,-1.6125059240743402,-0.6931245254522427,-4432.700080086628
"(18, 20)",1,420,1440,12099,26180,42,120590,59660,34830,38570,12054,703485,11128,213962,200928,425614,7,17,0,4,15,9,30,24,8,26,95,110,0.04985337243401759,0.795469684765014,14.954934964948354,323.0,2932.5,0.9047064636015998,-0.805052570477076,-0.5811753859249985,-0.04914025731207172,-366.8119409179587
"(115, 116)",1,3,0,204,0,0,1158,5616,0,1080,0,0,0,0,0,0,2,1,0,0,49,1,1,0,0,0,2,0,0.25,0.2,0.20225995873897262,2.0,1.5,0.5470928879193546,-0.8580819842327019,-0.549977169356602,-0.29930079798992437,-648.5907800763129
"(60, 59)",1,35,49,180,42,3,231,4134,798,165,84,0,2,0,0,16,12,0,14,34,47,17,0,0,1,0,0,0,0.0,0.0,0.3333333333333333,1.0,0.0,0.32140651616967975,-2.2865195974299057,-2.2020552102754354,-0.14870896534415298,-352.9178374636227
"(100, 102)",1,99,45,500,1320,0,506,4355,1008,144,90,4550,12,510,1749,5525,2,9,1,0,2,0,9,11,0,3,7,33,0.10975609756097561,0.8247474747474748,6.788236112483784,73.0,369.0,0.902940493568799,-0.8675996099107759,-1.234053797667014,-0.13330608997086324,-73.17103251970687
"(31, 33)",1,187,770,5400,2655,87,192963,60500,69540,85015,4246,168504,408,7930,5358,7480,10,9,12,15,29,17,35,59,1,8,31,28,0.07964601769911504,0.7050796425796426,6.802567511577711,88.0,549.0,0.7950464339827501,-0.9840205275762617,-1.1759366329289154,-0.42445522586903406,-772.9062038824634
"(84, 86)",1,150,280,836,1435,0,1626,8100,4482,276,558,6031,2,196,2025,4860,9,8,13,14,52,9,3,59,0,1,13,27,0.09523809523809523,0.748989898989899,6.38656597902576,67.0,280.0,0.6221822591874837,-1.3441052492348362,-1.4183830830902207,-0.20994212680776878,-1019.4930112560851
"(13, 16)",1,540,8268,20296,20989,4655,182499,59764,359450,83984,170520,665550,20043,163885,322441,241400,19,14,60,57,33,33,34,147,21,22,119,69,0.046052631578947366,0.6529159351140776,12.88945759422739,278.0,2037.0,0.8181853408858335,-1.3378523677617433,-1.2077716633646947,-0.4700803392883364,-2430.0958828819903
"(4, 10)",1,420,1332,10540,26642,42,91960,86636,17400,29750,10201,638544,9435,205275,189766,449180,7,17,1,5,24,8,21,24,7,24,95,112,0.04941860465116279,0.8041378197489384,15.098904679061418,326.0,2890.0,0.8806852790368751,-0.7085709381170405,-0.5486927241192531,-0.13678349671636414,-543.9788598833599
"(34, 35)",1,150,549,5440,1584,66,194880,42834,48453,69940,2981,112993,676,2491,7161,3965,9,8,12,11,12,10,42,42,3,8,30,20,0.09090909090909091,0.6217463092463091,5.539879618258879,73.0,448.0,0.844402472441416,-1.3103722774038553,-1.532294506614036,-0.29221933577641046,-514.8135584850112
"(12, 14)",1,340,864,17303,17222,12,174902,77231,27234,76171,5040,653179,13524,107334,275400,226244,11,13,5,4,15,22,30,28,24,13,115,65,0.04642857142857143,0.5883718133718134,12.2785101913636,269.0,1787.5,0.9021385023312449,-0.6447758233085877,-0.6691572200452944,-0.09992583138057912,-596.4168005681933
"(13, 25)",1,567,8692,14104,23491,4655,62270,138706,295776,41268,183750,362100,15912,185420,271961,293250,18,15,49,57,52,32,15,158,15,23,112,82,0.04643962848297214,0.7168427977251508,13.68710403682982,291.0,2182.5,0.7774544101208403,-1.3239077898676017,-1.4874570928150714,-0.49744506335131017,-2565.8766533097414
"(35, 135)",1,75,122,400,352,0,0,8850,0,0,271,0,52,212,744,325,10,5,9,0,75,36,0,50,0,2,0,8,0.08771929824561403,0.9833333333333333,3.0104234009415025,16.0,40.0,0.5002044148757431,-1.1458677263685648,-1.522441514274897,-0.800035958117227,-890.2336771881863
"(0, 18)",1,462,1920,11211,31110,56,145875,19782,47945,27360,20049,868500,10192,300730,166816,536613,5,19,1,1,0,3,45,21,5,33,74,138,0.051075268817204304,0.8748814494708963,16.354621572932796,355.0,3752.5,0.9867890829060201,-0.7465660047759601,-0.8177797700993299,-0.042136389460793525,-161.7127082204735
"(71, 73)",1,0,0,0,0,0,0,0,0,0,0,0,0,0,0,0,1,0,0,0,7,0,0,0,0,0,0,0,0.0,0.0,0.0,0.0,0.0,,-3.286917741558559,-1.0046621393474326,-4.010484353449655e-16,-18.947295321496416
"(132, 133)",1,8,0,1365,5,0,88672,27004,0,30967,0,2929,0,0,12,0,2,2,0,0,7,1,30,1,0,0,3,1,0.25,0.22941176470588237,0.48725569170171407,5.0,35.0,0.8167642740860993,-1.2310238456244016,-0.8967857254443318,-0.19948919438362842,-92.03803561571705
"(74, 79)",1,60,56,2744,221,0,25265,76629,8832,35720,0,26062,4,80,754,156,6,5,6,4,7,4,39,22,1,1,8,9,0.14285714285714285,0.4262177093059446,2.557384596733729,27.0,162.5,0.8398927831284664,-1.2749934771185658,-1.3099290515618829,-0.2738905258483288,-259.2006944435142
"(13, 22)",1,459,5724,25972,15151,1330,271114,67792,371774,129958,99960,572050,22797,95995,398792,147475,18,13,68,36,50,29,56,139,20,16,95,62,0.04980842911877394,0.5985850320989641,10.934621734106534,239.0,1787.5,0.8199292166376309,-1.3313256709675547,-1.309906346105665,-0.5356282872593515,-2451.72204786758
"(126, 129)",1,12,2,120,8,0,294,90,1,224,0,345,1,2,6,0,1,3,0,0,0,0,7,1,0,1,2,2,0.3333333333333333,0.6666666666666666,1.0773502691896257,6.0,19.5,0.9546349179933876,-0.8944056107417682,-0.6034210544156561,-0.3198657068423949,-11.489125293076057
"(12, 21)",1,340,972,17875,16786,48,193130,70623,34884,82669,5820,599335,16758,114810,295200,209935,9,14,2,4,23,16,41,19,14,21,107,70,0.05054151624548736,0.6519914238954487,11.947351052270951,261.0,2016.0,0.9024955117043986,-0.6445969663127638,-0.5592650856015535,-0.10306692289889005,-527.1318620610975
"(26, 32)",1,99,72,3315,1288,0,26128,75264,2847,19092,90,52065,420,2318,4998,3478,4,8,1,1,42,2,12,2,2,7,30,21,0.0975609756097561,0.6573083778966132,5.648924384800504,74.0,336.0,0.7450016635987073,-0.7741548560274094,-0.6714274123212584,-0.07478840441073878,-522.3322697287618
"(6, 12)",1,391,1269,9867,22454,36,118482,100772,24021,39710,9060,544209,6909,178089,125400,328609,8,16,4,1,24,17,21,26,6,22,102,98,0.04833836858006042,0.7604089323129573,14.10784921992889,304.0,2552.0,0.9202510555656453,-0.7405483141157243,-0.6789795273889315,-0.23115967164954662,-931.2604361831335
"(3, 24)",1,360,888,11926,19737,21,24860,232162,16974,41904,5390,302316,11660,118985,266889,288898,10,14,3,3,45,18,0,32,21,13,108,78,0.0472972972972973,0.676147389126929,13.290238108488861,285.0,1848.0,0.8576446860566426,-0.5550472527293767,-0.6894697071507331,-0.14582572237302416,-798.3758513382028
"(60, 120)",1,42,14,2025,182,0,60291,23532,1596,27060,0,17135,10,32,1080,192,5,4,2,3,5,2,29,7,3,0,13,6,0.12903225806451613,0.35163398692810455,2.762735584583443,28.0,108.0,0.8975818390574941,-1.2388225663633383,-1.1086366814287782,-0.47711292522741516,-57.619441163551734
"(30, 133)",1,52,38,2847,200,0,93024,90128,3840,38485,0,16362,0,88,336,134,11,3,8,10,44,37,30,31,0,0,2,3,0.0625,0.4294117647058824,0.9130233890864371,8.0,57.0,0.6712020329433569,-1.6531591866968678,-1.5057216901907162,-0.7335350313742853,-630.3102410718075
"(5, 9)",1,399,1435,13622,22984,80,137886,69184,32960,42042,11328,638224,13818,194427,249195,334854,6,17,0,0,21,7,44,24,8,26,78,110,0.052795031055900624,0.8045096643932288,14.133078856919287,306.0,2907.0,0.9017241150293582,-0.6556620675028784,-0.6020183070033946,-0.12653552713995866,-450.21550395338454
"(5, 18)",1,399,1400,15429,23120,56,182441,29516,44290,55860,11808,872360,14664,186847,230880,343602,8,16,1,3,0,12,45,24,12,25,104,95,0.049689440993788817,0.7296433542328009,13.97547990820463,306.0,2712.0,0.9854502793911674,-0.7136790723505433,-0.6770434436097461,-0.0809521150359469,-327.42174637613795
"(12, 15)",1,323,756,19019,15587,24,196168,86317,28458,92416,3600,637154,13671,91848,308400,194667,8,14,1,0,30,12,51,26,15,14,86,77,0.05263157894736842,0.6442713661753909,11.56572089394601,255.0,2037.0,0.9029424987603261,-0.6385143100507502,-0.6195957402074147,-0.06744468802712124,-491.8993799548847
"(8, 15)",1,342,728,17423,18161,8,188936,84854,28644,68864,3840,686854,11160,97008,293494,262548,9,14,2,3,22,14,40,26,17,13,100,78,0.04929577464788732,0.6310905997976937,12.346526358523489,273.0,2072.0,0.9033872449613136,-0.7457073285763621,-0.6993668408520447,-0.05521374703617539,-386.94056391130664
"(13, 151)",1,81,212,516,278,0,0,16056,0,0,0,0,153,365,1262,0,24,3,139,0,169,137,0,72,0,1,0,2,0.020833333333333332,0.9166666666666665,1.1547005383792517,4.0,6.0,0.36460367191647836,-1.672575143235207,-1.8300210481888992,-1.6158511694989153,-2958.398215250949
"(30, 132)",1,26,0,2555,40,0,111492,82268,0,37195,0,4698,0,0,252,0,11,2,18,0,40,37,31,20,0,0,2,1,0.046511627906976744,0.22941176470588237,0.43008949665421115,4.0,35.0,0.6279438301517969,-1.732921029308657,-1.4396382829069676,-0.6423716329018684,-653.2840117437438
"(49, 51)",1,14,0,27,8,0,0,423,0,7,0,22,0,0,1,0,5,2,4,0,7,6,0,9,0,0,1,1,0.18181818181818182,0.5833333333333333,0.9309036597828996,3.0,3.0,0.6051477826375231,-1.0201807436338708,-1.1470135298036988,-0.41937668881414286,-63.28506932918696
"(79, 81)",1,36,4,1568,169,0,8060,67445,480,13160,0,14601,4,64,624,144,2,5,0,0,25,0,18,2,1,1,8,9,0.16129032258064516,0.5558473389355743,2.6030864884867464,27.0,110.0,0.7812294407623621,-0.8815712085401315,-0.8559549887893103,-0.25095543232366263,-178.64769799804307
"(84, 91)",1,120,70,1672,945,0,1084,8910,747,4968,0,4075,4,42,4650,2700,11,6,27,14,54,10,1,44,4,0,22,15,0.08823529411764706,0.5545454545454546,5.288832728161739,56.0,159.0,0.6034638617316914,-1.5189733872152564,-1.3474612895772122,-0.6298231766804862,-1018.590693065669
"(122, 123)",1,56,25,629,368,0,0,26270,30,2128,8,2639,36,396,693,420,3,6,0,1,26,1,0,4,1,3,14,12,0.13333333333333333,0.732936507936508,4.360523693298113,39.0,114.0,0.6919634852811543,-0.6926009935627785,-0.8716559319029425,-2.488067058555897e-16,-298.69549712039515
"(72, 80)",1,16,0,88,7,0,112,2891,0,221,0,105,0,0,2,0,6,2,12,0,0,3,6,9,0,0,3,1,0.2,0.30000000000000004,0.922762282980178,5.0,11.0,0.784443128083224,-1.5261888819290126,-1.2323002037325501,-0.22847166756646492,-60.11655346075655
"(61, 89)",1,40,108,112,27,0,33,3382,924,66,98,52,2,8,0,0,10,2,19,16,16,10,0,18,0,1,2,0,0.14285714285714285,0.6666666666666666,0.4824045318333193,2.0,2.0,0.7964568677685759,-1.2797643183564003,-1.5846705880640664,-0.16835005799337693,-123.0690862889621
"(30, 32)",1,117,304,3723,1120,0,24282,201216,18720,15910,1359,18954,924,1672,8232,2479,6,8,6,4,44,4,20,26,1,7,22,21,0.10526315789473684,0.6573083778966132,5.321839296037535,65.0,336.0,0.7606553386736844,-1.1660106663306034,-1.3196389016559802,-0.2357976790981648,-576.9480045896684
"(127, 130)",1,9,0,132,6,0,441,110,0,240,0,270,0,0,6,0,2,2,0,0,0,0,7,1,1,0,3,1,0.2857142857142857,0.3333333333333333,1.138354503153699,6.0,12.0,0.94965543741467,-0.7619227482588111,-0.783199423702281,-0.08300479251145279,-4.358898943540674
"(22, 23)",1,357,1080,16912,18530,10,226966,43776,38010,64979,8636,647426,15943,129133,269864,245329,8,15,3,3,15,13,51,22,9,21,98,84,0.05102040816326531,0.6846698092592562,12.538221169283132,275.0,2377.5,0.9291871776269719,-0.7226721021994809,-0.640215658252453,-0.14629073704257808,-634.9496042994278
"(32, 38)",1,99,72,3264,1288,0,26199,81792,2925,18574,81,50661,364,2394,5194,3441,4,8,1,0,43,2,11,4,3,6,28,22,0.0975609756097561,0.6609848484848485,5.736372957974898,75.0,332.0,0.7468206520286738,-0.6867024188850762,-0.7912373503220905,-0.07565645997874963,-506.98619310588725
"(60, 57)",1,21,14,585,14,0,5313,1908,855,1815,14,1341,2,0,0,0,8,1,2,12,55,14,0,7,0,0,1,0,0.0625,0.3333333333333333,0.18257418583505536,1.0,0.5,0.7066558565125205,-1.7448045637757228,-1.467351508633804,-0.13152920759868705,-335.4549150034919
"(8, 19)",1,378,1144,15458,21082,8,183084,51968,32186,43578,9664,604625,15840,147204,288926,305604,5,17,2,0,24,4,58,18,4,25,67,111,0.054838709677419356,0.7888106575177516,13.433581675283996,293.0,2949.5,0.9012121367503427,-0.7785476726556794,-0.6118407017898028,-0.10953230561692621,-481.46027873543215
"(6, 13)",1,621,9964,11868,28634,3990,130767,54412,322478,39820,221970,721650,7191,243455,131879,402475,16,17,33,55,33,27,34,176,5,25,96,111,0.04696132596685083,0.7860096989353957,14.991414811405265,323.0,2992.0,0.8162904244258151,-1.4318664074660377,-1.3989292451975517,-0.4516247623984709,-2544.4803005722015
"(17, 19)",1,462,2024,11682,30710,20,166440,16768,47652,22680,23707,805875,11880,308502,189750,513911,3,20,1,0,2,0,60,9,2,40,51,150,0.05390835579514825,0.9296775305827671,16.248282539429837,353.0,4110.0,0.9921949586226282,-0.7055543445957808,-0.6306582875179414,-0.0409213378877988,-220.77137495608437
"(19, 22)",1,357,1188,17818,18094,8,247908,38912,37829,58158,10268,588875,19668,137286,319792,226591,6,16,4,0,20,6,63,15,5,26,81,94,0.054982817869415807,0.7418468427520792,12.523457122818668,274.0,2656.0,0.9263873476983349,-0.6669406526229772,-0.6988893286501517,-0.14978548291296764,-562.2944068724141
"(71, 72)",1,0,0,0,0,0,0,0,0,0,0,0,0,0,0,0,8,0,21,0,8,7,0,0,0,0,0,0,0.0,0.0,0.0,0.0,0.0,,-3.2668797289931386,-0.9718003642817209,-0.13495390680869268,-79.7057087039567
"(85, 104)",1,45,21,174,135,0,0,2376,0,0,0,1338,3,21,12,91,8,3,2,12,49,14,0,18,0,1,6,2,0.1111111111111111,0.5666666666666667,1.895445115010332,10.0,15.0,0.5163134125685611,-1.263739957288234,-1.2924723017040123,-0.17329115315836452,-654.3821513458324
"(13, 76)",1,162,424,4816,1807,0,22034,55304,22594,23892,0,65450,306,2920,15144,5100,23,5,107,21,146,124,16,105,1,1,10,9,0.03184713375796178,0.5558473389355743,3.0097289511443064,29.0,110.0,0.5860618455845356,-1.639155453642832,-1.4389195546784894,-1.547701309640824,-2901.8363151632107
"(0, 19)",1,462,2112,11918,30378,32,164250,16128,46607,23328,24613,787500,12936,318420,202906,495627,3,20,1,0,2,0,61,9,2,41,51,149,0.05420054200542006,0.9320584829637195,16.186633529888415,351.0,4100.0,0.9936292039020879,-0.6347259459491881,-0.6763838149540854,-0.04136107485795354,-192.4421991144354
"(12, 18)",1,357,1080,15873,18530,42,168826,64841,32895,68590,7380,618565,15288,131631,249600,245329,10,14,4,4,15,20,30,23,17,20,117,71,0.04778156996587031,0.6493598449480804,12.68451359997244,276.0,2023.0,0.9018537257508544,-0.8286343094635011,-0.619554253153845,-0.13973543229866753,-656.4320223755084
"(10, 12)",1,357,999,12155,18857,36,105028,199892,15300,45125,6060,407676,12495,128961,238200,256780,8,15,2,3,16,14,33,22,9,20,98,85,0.050505050505050504,0.7104089323129572,12.938237963142903,277.0,2257.5,0.9233942849308386,-0.6821254500922495,-0.5542910966004758,-0.19014000976631687,-596.5316420777694
"(144, 145)",1,12,0,88,18,0,266,64,0,4,0,180,0,0,18,4,1,3,0,0,0,0,5,0,0,0,3,3,0.25,0.5,1.5710129034576148,9.0,21.0,0.9594748876154104,-0.804636185875355,-0.9625140633683665,-0.23417005526459525,-11.61895003862225
"(10, 11)",1,714,14282,12325,30275,11532,85184,97768,263500,35500,312494,499896,11390,192234,217556,421800,21,17,100,62,38,42,33,277,6,23,80,113,0.04657534246575343,0.8065187721298908,14.57706087839572,312.0,2881.5,0.7728457875056305,-1.2203340950775585,-1.3829674681601225,-0.6729808194180666,-4402.457949827573
"(84, 61)",1,150,2520,608,315,7130,542,5130,49302,552,13671,326,4,28,0,270,23,1,84,123,75,43,0,22,3,0,1,0,0.022222222222222223,0.3333333333333333,1.084761258478657,4.0,0.5,0.6864339890006819,-2.0955381416346404,-1.98851234135906,-0.2147482907121762,-968.0253095864798
"(17, 22)",1,374,1242,14949,20165,10,215080,39824,41268,50260,10676,619833,13410,155433,237000,273089,7,16,4,0,15,11,51,23,6,23,89,97,0.05161290322580645,0.7373013882066246,13.252551363722716,289.0,2672.0,0.9271062156387814,-0.7797504337889035,-0.5824665416913406,-0.18597493832984782,-750.8055673741371
"(100, 59)",1,55,105,80,120,15,23,1742,882,9,270,0,3,0,0,85,14,1,8,40,20,43,1,14,0,0,0,0,0.022727272727272728,0.3333333333333333,0.0,0.0,0.5,0.6490025307422349,-2.144722151977532,-2.090730976571126,-0.2506912183944505,-145.44414735560864
"(10, 13)",1,567,7844,14620,24047,3990,115918,107932,205400,45250,148470,540600,13005,176295,250507,314500,18,15,52,56,48,29,19,161,16,18,109,87,0.045871559633027525,0.7065979342295132,13.93727748661904,299.0,2265.0,0.7930186642806684,-1.2073252531122045,-1.1495767469813545,-0.4984892054010018,-2562.1725156593184
"(9, 16)",1,420,1599,11564,25519,70,112014,98624,28000,33176,13688,552798,12838,230337,229439,391352,7,17,1,0,24,8,21,27,12,26,92,110,0.050445103857566766,0.8215870801548553,15.1672737565224,324.0,2830.5,0.9249122271766765,-0.8359730762511186,-0.8566670281094986,-0.04848957378274111,-236.76148335402868
"(17, 21)",1,440,1656,12375,28490,40,169100,22401,51984,32060,15229,861135,10260,254130,184500,476135,6,18,2,0,0,5,45,26,8,27,82,126,0.05042016806722689,0.819232523233735,15.70904493773582,342.0,3411.0,0.9860024901883935,-0.6920503606917756,-0.4688847966593604,-0.08152525311842429,-304.3057672802144
"(37, 78)",1,112,335,3854,848,0,58322,62980,33650,56760,1480,70376,130,1680,1887,1110,9,7,6,0,60,30,27,56,0,5,7,16,0.09210526315789473,0.8208605664488017,3.8608498138135703,39.0,231.0,0.7405715250944096,-1.056294933123433,-1.419849961247569,-0.9556863411584752,-877.1180080240058
"(31, 38)",1,187,693,5760,2714,0,181179,51546,54900,87097,3474,204376,312,7686,4982,7905,10,9,12,14,24,17,40,62,2,6,28,30,0.07894736842105263,0.6606351981351981,6.829251998448353,90.0,576.0,0.8077180801264492,-0.9381420059053942,-1.2541511633189568,-0.3781454556763968,-786.5500619795284
"(44, 115)",1,11,0,200,0,0,1124,5376,0,1048,0,0,0,0,0,0,10,1,34,0,48,11,1,8,0,0,2,0,0.07142857142857142,0.2,0.3256188759934853,2.0,1.5,0.5303131595506285,-2.134199738456149,-1.4892114660151856,-0.23521158198684688,-751.1704200778942
"(15, 25)",1,399,1148,10906,24167,28,58760,129998,26784,29184,7500,423444,9672,174752,221534,387090,8,16,2,3,30,11,15,29,12,19,99,101,0.04878048780487805,0.7500035982772557,14.501671698847492,313.0,2528.0,0.8628929899834978,-0.6985299279832835,-0.6945445314544596,-0.17320689681919432,-822.8219734547687
"(9, 11)",1,714,15826,14210,29575,19220,103488,74336,421600,40612,365092,554916,13132,204174,246052,392730,23,16,118,77,24,45,30,267,13,21,101,99,0.044444444444444446,0.7409242302195593,14.549751313180405,312.0,2632.0,0.792864125897974,-1.381536122302881,-1.5156824387676961,-0.6551418265653717,-4342.242277902052
"(36, 37)",1,176,670,5734,2385,78,188944,55695,65281,86000,2960,168995,390,7504,6549,6438,9,9,11,12,38,11,33,52,2,7,29,29,0.08411214953271028,0.7244800950683304,6.881496983439046,89.0,540.0,0.8020784542734163,-1.0691840628507827,-0.8233048628236049,-0.4288028752600708,-674.9007334415928
"(143, 145)",1,12,0,88,18,0,266,64,0,4,0,180,0,0,18,4,1,3,0,0,0,0,5,0,0,0,3,3,0.25,0.5,1.5710129034576146,9.0,21.0,0.9594748876154104,-0.6320868678857792,-0.6375615114640438,-0.1611141905342335,-11.61895003862225
"(20, 21)",1,400,1296,13625,23716,48,137950,64980,36936,46487,9506,681615,12198,186620,237636,364210,8,16,1,3,15,11,30,27,13,22,101,98,0.04938271604938271,0.745469684765014,14.325707915743124,310.0,2616.0,0.9041403424185512,-0.6898940070073264,-0.5319936387800018,-0.06116534641490687,-331.345740881032
"(138, 140)",1,20,1,252,45,0,551,5625,100,1440,0,680,2,6,50,14,1,4,0,0,0,0,10,0,0,1,4,5,0.2222222222222222,0.6000000000000001,2.1658855235373746,14.0,48.0,0.9708871749087357,-0.7886939791577852,-0.5863571811908698,-0.3580445319965615,-19.924858845171276
"(60, 122)",1,49,35,765,224,1,0,29415,285,2310,28,1937,18,72,990,224,6,4,3,4,27,3,0,7,5,1,17,5,0.11764705882352941,0.46507936507936504,3.43955113983926,32.0,54.0,0.6589288910689621,-1.1546410795261888,-1.274970655684135,-0.4479080445693774,-315.01111091515486
"(20, 23)",1,420,1440,12208,26180,30,124310,54720,34020,36743,12446,701298,11449,213094,206241,425614,7,17,1,4,15,8,30,23,8,26,96,110,0.04985337243401759,0.7933051826005117,14.97962509190192,324.0,2941.0,0.9049166078876182,-0.7246302259131359,-0.47066958875033593,-0.05069645264603212,-373.61477486844655
"(84, 93)",1,135,210,1444,1155,0,3252,7425,3735,2208,558,5379,8,119,3975,3510,10,7,20,14,52,9,3,51,2,1,19,20,0.09333333333333334,0.648989898989899,5.776710915420106,61.0,217.0,0.6229932410594984,-1.5684814363733577,-1.3781339872407463,-0.25154995471338704,-1015.5909609680464
"(105, 109)",1,25,9,121,49,0,64,2401,324,169,9,36,9,9,49,16,0,5,0,0,0,0,6,0,0,3,0,7,0.2631578947368421,0.8777777777777778,2.5676106419862403,14.0,50.0,1.0,-0.8558878801134233,-0.8503133984293167,-0.4417404742985396,-0.0
"(118, 124)",1,63,45,1452,432,0,41474,19738,1024,23532,60,26600,50,540,576,525,2,7,1,0,0,0,26,3,0,5,11,16,0.14,0.7762371615312791,4.609561819112444,43.0,241.5,0.9792207807907404,-0.7932055891089623,-0.8035874597318339,-0.26013157617619026,-85.04704580407247
"(84, 88)",1,75,0,3420,350,0,267748,21330,0,69828,0,27384,0,0,450,540,12,4,26,11,27,29,41,44,0,0,4,6,0.08163265306122448,0.4671717171717171,1.805990707186158,16.0,114.0,0.6992957255777386,-1.8922605929813705,-1.807373442734548,-0.15085810103050706,-815.964460010361
"(8, 22)",1,306,702,19781,13843,4,236588,123424,27874,96571,4352,465043,17880,74166,360872,162396,11,12,6,2,33,19,33,29,28,9,103,57,0.04838709677419355,0.5509799696870634,11.194503604645222,245.0,1500.0,0.9232858026687679,-0.7061110820644533,-0.5762488582844981,-0.052922374844941535,-248.52967629641336
"(28, 29)",1,144,225,4356,2601,1,142129,30976,16129,64516,529,201601,256,10201,3481,9025,0,12,0,0,0,0,54,0,0,15,0,51,0.10526315789473684,0.9457213538095892,7.783013176664142,102.0,936.0,1.0,-0.656334046550452,-0.5789721422080102,-1.1610990315520314e-16,-0.0
"(85, 106)",1,45,21,174,135,0,0,2376,0,0,0,1338,3,21,12,91,8,3,2,12,49,14,0,18,0,1,6,2,0.1111111111111111,0.5666666666666667,1.895445115010332,10.0,15.0,0.5163134125685611,-1.140974198919285,-1.3925806246453514,-0.17595366553463596,-654.3821513458324
"(120, 121)",1,42,6,1890,234,0,61596,21460,812,24928,0,16445,25,104,1260,252,1,6,0,0,2,0,34,1,0,2,5,13,0.16216216216216217,0.6194911297852475,3.1049652833288692,31.0,195.0,0.9731760764906654,-0.6792177788991715,-0.7197155535939816,-1.342310597790393e-17,-41.31585652022719
"(5, 25)",1,399,1435,11398,22984,56,60970,116936,29664,33516,12000,385104,14664,192532,239205,335340,8,16,1,2,30,12,15,25,13,25,103,95,0.04984423676012461,0.771525540387433,14.307968914546946,306.0,2464.0,0.8626956561825543,-0.5810101247255373,-0.6843961648591297,-0.16997132299383053,-805.125456062594
"(5, 14)",1,380,1120,16819,21488,16,189007,35156,36668,62034,8064,921176,12972,152358,254745,316872,7,16,0,4,7,9,59,25,8,21,87,99,0.05161290322580645,0.7162743702755818,13.252476907404745,293.0,2752.0,0.982309011303893,-0.5762844810649693,-0.6361502292450376,-0.036393581237219925,-256.81705550839104
"(85, 107)",1,45,21,174,135,0,0,2376,0,0,0,1338,3,21,12,91,8,3,2,12,49,14,0,18,0,1,6,2,0.1111111111111111,0.5666666666666667,1.895445115010332,10.0,15.0,0.5163134125685611,-1.2425309259159234,-1.3041061098743973,-0.15820914775364353,-654.3821513458324
"(41, 38)",0,44,18,704,184,0,7011,9798,525,2259,0,6062,26,252,212,0,15,0,11,43,73,50,0,0,1,0,0,0,0.0,0.0,0.045454545454545456,1.0,0.0,0.3320463978249203,-3.1517232956326953,-3.394978094017904,-0.3270438202885171,-639.1729030551905
"(114, 3)",0,40,0,4005,153,0,33110,90846,0,37728,0,14514,0,0,994,0,22,0,37,21,96,154,0,0,19,0,0,0,0.0,0.0,0.6318506101132078,19.0,0.0,0.2588536620371832,-2.1575651000918583,-2.3611155725620985,-1.1102191173398563,-1272.3065668304946
"(128, 66)",0,24,6,110,48,0,42,612,4,70,1,437,3,20,26,9,10,0,5,18,9,16,0,0,6,0,0,0,0.0,0.0,0.672197767867996,6.0,0.0,0.387953596434843,-1.6308294521118791,-2.1424598103886607,-0.21233158835406207,-63.490156717399906
"(70, 131)",0,15,0,738,18,0,7410,2590,0,4488,0,1890,0,0,33,2,8,0,4,15,59,9,0,0,0,0,0,0,0.0,0.0,0.0,0.0,0.0,0.2053216053896129,-2.556423104952426,-2.2842778595829314,-0.24814017490706688,-353.94491096779456
"(135, 108)",0,30,8,30,88,0,0,2450,0,0,3,0,0,40,0,35,11,0,6,30,11,19,0,0,0,0,0,0,0.0,0.0,0.0,0.0,0.0,0.19376895563814747,-3.3425343472391043,-3.8561983207291792,-0.28186088199502235,-27.730849247724095
"(127, 39)",0,12,2,48,8,0,0,280,0,0,0,0,2,4,12,0,7,0,3,12,16,6,0,0,0,0,0,0,0.0,0.0,0.0,0.0,0.0,0.10836132733643927,-4.384003284377053,-4.561881249438371,-0.30857702175861246,-36.4417343165772
"(92, 7)",0,72,114,780,219,0,7425,3450,3876,1120,207,907,39,0,153,0,27,0,59,72,77,220,0,0,0,0,0,0,0.0,0.0,0.0,0.0,0.0,0.1785677355069833,-2.9192785597421573,-2.9242208102600986,-1.2246541648231113,-1644.006082713808
"(59, 72)",0,40,147,32,21,63,8,1274,546,13,180,0,0,0,0,2,13,0,28,40,12,10,0,0,0,0,0,0,0.0,0.0,0.0,0.0,0.0,0.12271005856178292,-4.226367061747148,-4.280245141088923,-0.41807918480065126,-52.16320542297991
"(19, 27)",0,252,572,7552,8798,4,159870,22528,24871,41148,2416,417375,1320,49590,22264,70524,31,1,53,217,117,192,15,4,3,0,27,0,0.004545454545454545,0.022727272727272728,1.1157695111831512,30.0,21.0,0.7149290575310636,-2.0270576539044263,-1.936448196084218,-0.6690697972218503,-961.8960442792142
"(142, 114)",0,10,0,225,8,0,5418,1008,0,262,0,820,0,0,0,0,7,0,2,10,50,9,0,0,0,0,0,0,0.0,0.0,0.0,0.0,0.0,0.1294565664473915,-3.722109516382327,-3.757926213272248,-0.23143564401076555,-660.184065242414
"(41, 29)",0,48,30,726,204,0,7163,8096,889,2286,0,6286,32,404,236,0,16,0,17,47,75,55,0,0,1,0,0,0,0.0,0.0,0.045454545454545456,1.0,0.0,0.32746294187382785,-3.3039096981592486,-3.3882591951448893,-0.3699266159371408,-660.580048139512
"(92, 18)",0,63,80,1332,170,0,10503,4710,4085,1900,123,965,104,0,416,0,24,0,42,63,123,171,0,0,0,0,0,0,0.0,0.0,0.0,0.0,0.0,0.18008605705203728,-2.8907253229590255,-3.1365342777237966,-1.145548491207342,-1458.7940224719869
"(42, 106)",0,20,2,33,36,0,0,828,0,0,0,84,2,12,8,0,9,0,3,20,14,13,0,0,0,0,0,0,0.0,0.0,0.0,0.0,0.0,0.17965787254961546,-3.6741951742761203,-3.9639608223946374,-0.3051319846534753,-38.535697735995385
"(61, 116)",0,30,0,408,27,0,579,4446,0,540,0,200,0,0,0,5,13,0,36,30,59,12,0,0,0,0,0,0,0.0,0.0,0.0,0.0,0.0,0.17694481506469467,-3.2730385467617,-3.430788173171464,-0.1454724004430249,-660.0159088991719
"(102, 6)",0,207,141,1725,6798,0,6006,15860,2512,1760,302,59430,188,11339,11077,61555,32,0,50,206,92,239,0,0,1,0,0,0,0.0,0.0,0.03892494720807615,1.0,0.0,0.3084148689226779,-2.7461691636580827,-3.048700474159224,-0.9643979903272618,-1418.9584208143663
"(37, 147)",0,32,0,658,53,0,4820,1880,0,1720,0,2315,0,0,111,0,18,0,67,31,99,54,0,0,1,0,0,0,0.0,0.0,0.11180339887498948,1.0,0.0,0.2655104195871123,-3.044996314691219,-3.668361927954631,-0.9176269722132318,-1091.504008238174
"(109, 114)",0,10,0,495,7,0,4816,6174,0,3406,0,246,0,0,14,0,7,0,3,9,54,8,0,0,1,0,0,0,0.0,0.0,0.050251890762960605,1.0,0.0,0.24638507622459876,-3.0260917747571576,-3.3409208401323407,-0.4016251358213733,-650.8402261692189
"(84, 132)",0,30,0,2660,35,0,176692,21195,0,47748,0,4727,0,0,225,0,17,0,70,29,109,36,0,0,1,0,0,0,0.0,0.0,0.025854384499750957,1.0,0.0,0.32645627237863833,-2.915294653992347,-3.0883742980268662,-0.23130486758179797,-860.7200474021736
"(136, 71)",0,0,0,0,0,0,0,0,0,0,0,0,0,0,0,0,5,0,1,0,14,9,0,0,0,0,0,0,0.0,0.0,0.0,0.0,0.0,,-2.754196185671389,-3.9883652115801684,-0.15788934671482724,-94.47221813845591
"(14, 129)",0,80,64,1210,632,0,5642,1683,178,2954,84,23437,92,804,918,652,24,0,34,80,131,162,0,0,0,0,0,0,0.0,0.0,0.0,0.0,0.0,0.1731982374561209,-3.5995334049011087,-3.9056200970773514,-1.0401154333993083,-1445.744099071478
"(91, 15)",0,152,28,2926,3861,0,904,13794,186,4608,0,24850,186,2064,31868,28050,27,0,29,152,155,170,0,0,0,0,0,0,0.0,0.0,0.0,0.0,0.0,0.18251241812919383,-2.8755492075771643,-2.9296385277571844,-0.9938186498157437,-1367.8347853450723
"(61, 37)",0,160,2412,752,477,4836,482,8930,44418,688,14504,926,52,448,0,370,26,0,103,160,102,62,0,0,0,0,0,0,0.0,0.0,0.0,0.0,0.0,0.2235155562867429,-3.030619288283868,-3.1427304182013396,-0.8534003152185261,-1033.9342338853087
"(118, 9)",0,189,369,3234,4563,10,52332,51152,5120,21164,1416,134140,490,18468,7184,24115,30,0,50,173,99,196,0,0,16,0,0,0,0.0,0.0,0.5879318646123503,16.0,0.0,0.3298071900490991,-2.278549865708828,-2.253970211307374,-0.9116597302184465,-1112.1236442050856
"(140, 127)",0,12,1,216,10,0,609,750,10,640,0,300,2,2,30,0,7,0,2,12,30,7,0,0,0,0,0,0,0.0,0.0,0.0,0.0,0.0,0.16095014534959184,-4.143551532091468,-4.864522549755475,-0.35078252456538517,-71.21797525905943
"(13, 85)",0,243,4452,9976,2085,7980,228962,29436,458042,104618,76440,189550,459,2555,3786,5525,34,1,222,208,167,131,19,11,0,0,23,0,0.0064516129032258064,0.022727272727272728,0.8997174736600422,23.0,21.0,0.6737202686076935,-2.7417772857911693,-2.76627850568259,-1.4959178644834672,-2640.5764522164473
"(110, 55)",0,12,0,20,18,0,15,196,0,0,0,120,0,0,0,4,7,0,0,12,12,9,0,0,0,0,0,0,0.0,0.0,0.0,0.0,0.0,0.11434596147904548,-4.188672136503154,-4.715310762264973,-0.3223554555289998,-55.326304774492215
"(54, 97)",0,6,0,168,1,0,288,632,0,301,0,65,0,0,1,0,5,0,2,6,31,2,0,0,0,0,0,0,0.0,0.0,0.0,0.0,0.0,0.16122424092608392,-3.9242720580138415,-4.435045002166295,-0.11840011646141942,-110.82418508610834
"(129, 114)",0,8,0,450,4,0,8428,1134,0,3668,0,943,0,0,4,0,6,0,2,8,55,5,0,0,0,0,0,0,0.0,0.0,0.0,0.0,0.0,0.13902387927000837,-4.04291489357436,-4.3295939962272625,-0.40288752471426803,-650.0084614833871
"(113, 77)",0,15,0,384,12,0,4304,2340,0,810,0,1360,0,0,0,1,8,0,6,15,56,7,0,0,0,0,0,0,0.0,0.0,0.0,0.0,0.0,0.13531554625563685,-3.4471284763332153,-3.268743955367804,-0.28351886315444663,-618.2984716138315
"(145, 119)",0,24,0,418,63,0,3838,1160,0,612,0,1600,0,0,180,22,11,0,7,24,49,24,0,0,0,0,0,0,0.0,0.0,0.0,0.0,0.0,0.17537463818701604,-3.1958079971594997,-3.062916206912734,-0.21926243069729456,-317.5421231899793
"(7, 29)",0,288,855,4290,11169,13,103675,20240,25908,28448,4761,407243,624,80901,9027,95285,34,1,68,250,69,240,12,4,3,0,30,0,0.0036900369003690036,0.022727272727272728,1.2247174541221137,33.0,21.0,0.7144826268974861,-2.0229112155768183,-2.0420647614770484,-0.7075894155105438,-1279.8218626043235
"(23, 47)",0,63,40,1120,340,0,1604,2304,2100,7421,0,9620,0,491,0,0,24,0,41,63,122,172,0,0,0,0,0,0,0.0,0.0,0.0,0.0,0.0,0.1756015032674049,-3.5625178799605406,-3.901423703183679,-1.0173380746714968,-1459.5379405825668
"(139, 119)",0,48,21,380,252,0,1818,10875,300,5508,6,6400,0,270,0,198,14,0,10,48,48,33,0,0,0,0,0,0,0.0,0.0,0.0,0.0,0.0,0.24003728356677878,-3.331101423203045,-3.6210935011795033,-0.3248425156089348,-270.13144948339504
"(1, 141)",0,105,80,530,1360,0,3726,1928,0,131,123,15700,0,1984,0,3525,26,0,42,105,111,178,0,0,0,0,0,0,0.0,0.0,0.0,0.0,0.0,0.12113699365060088,-3.253037770160014,-3.5856166607833297,-0.9774979568318534,-1366.3169471246413
"(122, 55)",0,28,0,170,96,0,0,9065,0,126,0,390,0,0,0,56,11,0,5,28,27,22,0,0,0,0,0,0,0.0,0.0,0.0,0.0,0.0,0.17267295205157862,-3.6918292330073625,-3.844573118425151,-0.30709606313545007,-144.3675863897433
"(152, 131)",0,15,4,1107,12,0,40261,31265,552,27948,0,3240,0,5,6,0,8,0,5,14,66,8,0,0,1,0,0,0,0.0,0.0,0.03300491809922248,1.0,0.0,0.36686583432570313,-2.897706767551695,-3.309489820853241,-0.29547731394966803,-156.12494995995996
"(144, 68)",0,20,0,168,48,0,434,272,0,14,0,504,0,0,57,16,9,0,2,20,29,14,0,0,0,0,0,0,0.0,0.0,0.0,0.0,0.0,0.15468339538164205,-4.018877496471748,-4.033537212992254,-0.28831620450746975,-42.661458015403085
"(20, 95)",0,220,252,1090,7392,0,4030,21280,3888,1827,784,55404,0,20398,0,66220,31,0,43,219,117,202,0,0,1,0,0,0,0.0,0.0,0.03892494720807615,1.0,0.0,0.31718083982408707,-2.9101491204892027,-2.8159847947045065,-1.016255165925877,-1158.8528810854293
"(19, 153)",0,84,88,2832,664,0,60882,21632,5016,22194,0,42000,0,2088,0,0,23,1,39,60,106,154,9,7,0,0,16,0,0.005847953216374269,0.037037037037037035,0.7996558521109602,16.0,12.5,0.6385093187910953,-2.3243389494003663,-2.432812424522488,-1.1663833635387568,-1355.7300616273137
"(67, 46)",0,84,168,198,588,16,126,972,630,48,564,1890,3,476,336,900,19,0,31,84,29,56,0,0,0,0,0,0,0.0,0.0,0.0,0.0,0.0,0.15181393400745635,-3.692775434343294,-4.023834115912239,-0.24588795970369695,-150.34294130420622
"(30, 47)",0,39,38,730,80,0,1368,8384,4800,8815,0,1620,0,44,0,0,16,0,39,39,83,42,0,0,0,0,0,0,0.0,0.0,0.0,0.0,0.0,0.1595821547478077,-3.6212642440149114,-3.748121450185531,-0.7206252349948723,-831.4625668062273
"(76, 14)",0,120,64,3388,2054,0,18538,46376,1958,13926,0,78463,184,3216,11016,7824,26,0,34,113,135,171,0,0,7,0,0,0,0.0,0.0,0.388389163133126,7.0,0.0,0.3189325274049734,-2.093623683052524,-2.073850916080274,-1.1253669394495343,-1366.5427179565227
"(24, 83)",0,90,96,1340,774,0,2712,15778,1380,4365,220,25620,0,1060,0,986,23,0,28,90,144,135,0,0,0,0,0,0,0.0,0.0,0.0,0.0,0.0,0.19247392105760688,-2.7754258629046618,-3.0272876859025937,-1.0019866153373236,-1299.0273284269272
"(113, 13)",0,135,1272,8256,556,1330,257702,26091,115024,97740,7350,115600,0,730,0,425,30,1,209,104,155,122,21,9,0,0,21,0,0.006944444444444444,0.022727272727272728,0.8419547945901844,21.0,21.0,0.6101646732932371,-2.8612763720295287,-2.482944909407348,-1.570471039618722,-2814.322476192094
"(75, 9)",0,84,41,1176,845,0,3528,18032,1120,2145,0,19062,0,1026,449,1378,25,0,42,83,108,174,0,0,1,0,0,0,0.0,0.0,0.06085806194501846,1.0,0.0,0.27964312365433674,-2.732114796204666,-3.0653555306256672,-1.1889491402057073,-1294.496813437561
"(24, 140)",0,72,24,2412,645,0,13108,24150,1380,11640,0,17080,212,530,5370,986,22,0,25,71,150,134,0,0,1,0,0,0,0.0,0.0,0.03892494720807615,1.0,0.0,0.2916179690069889,-2.7559082071275234,-3.278435274715189,-0.9220911423445168,-1283.0685874106653
"(18, 148)",0,42,0,777,170,0,3890,1256,0,950,0,4825,0,0,416,0,23,0,40,42,118,171,0,0,0,0,0,0,0.0,0.0,0.0,0.0,0.0,0.15104767179983353,-3.385443429406615,-4.008016752642261,-1.2129081678019633,-1466.4061511054842
"(73, 131)",0,5,0,287,0,0,3458,1480,0,1428,0,0,0,0,0,0,6,0,4,5,48,6,0,0,0,0,0,0,0.0,0.0,0.0,0.0,0.0,0.14763385844370458,-3.54372655954792,-3.8514223705838617,-0.3402705374695102,-380.0631526470305
"(80, 37)",0,32,0,1034,53,0,6748,13865,0,5848,0,3241,0,0,222,0,16,1,56,15,92,49,3,11,0,0,5,0,0.01818181818181818,0.1,0.519878760815635,5.0,4.0,0.5810270780373781,-2.070440287364331,-2.450573850890056,-0.9400309530940837,-1075.3366914599353
"(48, 96)",0,22,0,20,48,0,0,1120,0,0,0,0,0,0,0,0,13,0,7,20,8,49,0,0,2,0,0,0,0.0,0.0,0.3333333333333333,2.0,0.0,0.2240700701352233,-2.1141960222376515,-2.1666708558593264,-0.5723239275446315,-157.08278072405008
"(14, 107)",0,100,32,363,1422,0,0,3366,0,0,0,6114,92,1206,918,4564,25,0,33,100,124,167,0,0,0,0,0,0,0.0,0.0,0.0,0.0,0.0,0.14336760621801672,-2.9046165014977965,-3.1524336358644014,-1.0614104242450966,-1459.476275929143
"(151, 10)",0,63,37,255,346,0,0,34848,0,0,0,0,85,483,794,0,24,0,38,63,88,175,0,0,0,0,0,0,0.0,0.0,0.0,0.0,0.0,0.12560014361741784,-2.2681021239438888,-2.33437507659587,-1.1815733907801935,-1284.2336236059232
"(106, 126)",0,15,1,36,18,0,0,180,0,0,0,90,1,3,6,0,8,0,2,15,15,11,0,0,0,0,0,0,0.0,0.0,0.0,0.0,0.0,0.11251186538317207,-4.432036399481129,-4.554942864958137,-0.6016874767252601,-32.109188716004645
"(136, 26)",0,55,9,910,414,0,6992,14700,730,9288,0,15130,15,183,255,658,14,1,6,40,61,45,3,4,0,0,10,0,0.017857142857142856,0.06666666666666667,0.8009041204024828,10.0,6.5,0.6818723088453,-2.0544286183977447,-2.5143624129765976,-0.5839080898632224,-613.2136658620713
"(32, 92)",0,27,16,612,28,0,1917,11520,741,740,9,117,28,0,98,0,12,0,10,27,63,29,0,0,0,0,0,0,0.0,0.0,0.0,0.0,0.0,0.17945751287913203,-3.2643798341346164,-3.2240285980573393,-0.5919411224615392,-400.6756793218176
"(119, 26)",0,88,63,2470,966,0,74336,28420,2190,39474,60,71200,120,1647,1530,2068,19,0,16,86,99,67,0,0,2,0,0,0,0.0,0.0,0.07341953391520037,2.0,0.0,0.3781686229813623,-2.613144883386967,-2.7401335293176396,-0.5605439350632403,-363.9642839620393
"(125, 128)",0,36,20,340,104,0,2478,1251,31,2072,13,4255,7,76,42,31,13,0,12,36,44,30,0,0,0,0,0,0,0.0,0.0,0.0,0.0,0.0,0.2358318601856893,-3.5751526174058004,-3.988644818950217,-0.1384707739830918,-304.07071545941415
"(103, 8)",0,90,0,5895,1270,0,206492,64148,0,68057,0,116088,0,0,3426,4680,21,1,24,68,109,118,23,2,0,0,19,0,0.007246376811594203,0.022727272727272728,0.733572203544321,19.0,21.0,0.6095991944506742,-2.1635761367918773,-2.4037723499158,-0.9059597931858708,-1006.8386166610813
"(140, 118)",0,36,9,594,135,0,5162,10425,320,5920,0,3800,10,72,160,70,13,0,10,36,51,32,0,0,0,0,0,0,0.0,0.0,0.0,0.0,0.0,0.23848669411217838,-3.381524699346705,-3.805761958768831,-0.25908192357024257,-265.6652028399655
"(47, 133)",0,12,1,390,10,0,1088,2752,80,7339,0,1010,0,2,0,0,7,0,2,12,49,7,0,0,0,0,0,0,0.0,0.0,0.0,0.0,0.0,0.16140772975794287,-3.782533575023133,-4.232224160304002,-0.18014719150021288,-352.6485502593198
"(103, 17)",0,110,0,4455,1850,0,187720,20698,0,35420,0,154728,0,0,2250,7870,25,1,44,84,81,172,19,2,0,0,23,0,0.00510204081632653,0.022727272727272728,0.8661093851696674,23.0,21.0,0.5958787343980021,-2.221714930558817,-2.356351185773627,-1.0039367252634916,-1342.8991026879123
"(93, 56)",0,36,0,190,198,0,90,2695,0,72,0,990,0,0,0,260,13,0,3,36,29,39,0,0,0,0,0,0,0.0,0.0,0.0,0.0,0.0,0.17913157457307471,-3.6099117025602405,-3.6887377579301917,-0.42395870419898063,-88.51553535961922
"(139, 57)",0,18,6,130,12,0,207,900,150,396,1,360,0,0,0,0,9,0,5,18,23,13,0,0,0,0,0,0,0.0,0.0,0.0,0.0,0.0,0.16597178829395334,-3.5375510888772115,-3.7699319236639104,-0.3372193897007296,-78.08969202141856
"(37, 151)",0,48,67,282,106,0,0,16920,0,0,0,0,26,112,222,0,19,0,68,45,91,55,0,0,3,0,0,0,0.0,0.0,0.31844726708715987,3.0,0.0,0.22429120897453775,-2.369091487608009,-2.7506037031131423,-1.022026915516824,-1088.0886912379892
"(39, 145)",0,12,0,44,12,0,0,224,0,0,0,0,0,0,24,0,7,0,2,12,15,7,0,0,0,0,0,0,0.0,0.0,0.0,0.0,0.0,0.11984980988181737,-3.994088645155244,-4.371778018848528,-0.6014516504472435,-30.93541659651604
"(75, 125)",0,36,10,408,130,0,2124,6811,217,2220,0,4995,0,76,21,62,13,0,11,36,46,31,0,0,0,0,0,0,0.0,0.0,0.0,0.0,0.0,0.23029887160780504,-3.212165300801249,-3.676165944885564,-0.40691133874683555,-286.95644268773617
"(96, 6)",0,253,329,690,9888,0,3549,13664,3768,990,1208,64524,0,31349,0,104170,34,0,54,252,77,254,0,0,1,0,0,0,0.0,0.0,0.03892494720807615,1.0,0.0,0.3126489540530547,-2.705504873757289,-2.98479021809838,-1.031094099254753,-1381.9898697168514
"(16, 38)",0,220,351,7552,6946,0,140589,57084,13125,58232,1044,339039,1703,28287,27083,52824,29,1,45,189,120,171,16,3,1,0,26,0,0.005050505050505051,0.022727272727272728,1.0047433464819209,27.0,21.0,0.7019207127165574,-2.070632459241318,-1.9751867388411786,-0.6575382884482438,-872.2149964314991
"(86, 41)",0,40,8,121,164,0,57,2760,42,9,0,518,2,112,108,0,14,0,6,40,22,45,0,0,0,0,0,0,0.0,0.0,0.0,0.0,0.0,0.18430094222167165,-3.76164888024573,-3.656269773451586,-0.4096470782105793,-108.00462953040486
"(101, 124)",0,42,10,2288,208,0,111607,20022,704,44838,5,33320,0,90,0,195,13,0,7,41,94,29,0,0,1,0,0,0,0.0,0.0,0.025854384499750957,1.0,0.0,0.3479149676238903,-2.8439221984167333,-3.042411273876479,-0.5411937393595387,-294.838939083697
"(33, 132)",0,22,0,2100,45,0,128118,39250,0,42385,0,10353,0,0,171,0,13,0,10,19,89,46,0,0,3,0,0,0,0.0,0.0,0.19745426850440884,3.0,0.0,0.32553548987194847,-2.3613176111399334,-2.2061445893940674,-0.48260676406557584,-391.11251578030584
"(87, 47)",0,33,7,100,96,0,52,896,240,369,0,760,0,47,0,0,12,1,6,20,8,40,0,2,0,0,10,0,0.0196078431372549,0.08333333333333333,0.9643818533929859,10.0,5.0,0.6780300370464156,-2.168608669489101,-2.279625943347133,-0.18855006773463978,-154.12008305214476
"(101, 40)",0,24,4,572,52,0,9101,6486,154,2538,0,3332,0,24,0,0,10,0,4,23,61,17,0,0,1,0,0,0,0.0,0.0,0.045454545454545456,1.0,0.0,0.3023791732409571,-3.438266211919362,-3.5115846663170402,-0.6250737517344424,-589.5040288242312
"(65, 96)",0,66,14,160,624,0,260,1904,240,81,0,3344,0,376,0,1320,17,0,9,66,26,61,0,0,0,0,0,0,0.0,0.0,0.0,0.0,0.0,0.19409414880522194,-3.4905828395048055,-3.87456932831334,-0.3934514571297089,-119.90829829498874
"(96, 73)",0,11,0,70,0,0,182,448,0,63,0,0,0,0,0,0,12,0,7,11,17,48,0,0,0,0,0,0,0.0,0.0,0.0,0.0,0.0,0.11936623120410672,-3.814364133961927,-4.187893530209499,-0.5096976109290386,-159.6746692496966
"(56, 152)",0,12,0,270,12,0,2445,8281,0,1233,0,720,0,0,0,0,7,0,1,12,37,8,0,0,0,0,0,0,0.0,0.0,0.0,0.0,0.0,0.21898347427204146,-3.692615307028935,-3.9778564417893367,-0.35558976407361775,-231.57936004747918
"(69, 140)",0,24,2,288,65,0,580,2550,100,360,0,880,4,16,110,24,10,0,3,24,34,18,0,0,0,0,0,0,0.0,0.0,0.0,0.0,0.0,0.21529205669609625,-3.424460762311869,-3.7713126778172223,-0.35733312620351537,-59.23681287847955
"(56, 18)",0,84,0,1110,1020,0,5835,7693,0,1710,0,28950,0,0,0,2828,25,0,40,83,119,176,0,0,1,0,0,0,0.0,0.0,0.045454545454545456,1.0,0.0,0.27089637178019316,-3.1199336552933423,-3.1988140698004774,-0.9994455482794715,-1442.2361110442353
"(151, 87)",0,33,7,30,96,0,0,4032,0,0,0,0,0,47,0,0,14,0,8,33,13,50,0,0,0,0,0,0,0.0,0.0,0.0,0.0,0.0,0.12420881381083901,-3.322786289032972,-3.8684221235443297,-0.2899996553435376,-152.99673199124223
"(85, 143)",0,36,0,464,90,0,6692,1056,0,289,0,4014,0,0,18,52,13,0,21,36,66,21,0,0,0,0,0,0,0.0,0.0,0.0,0.0,0.0,0.20289157690464676,-3.4412728615074357,-3.6401803922997056,-0.15920706319806915,-641.414842360231
"(133, 86)",0,40,4,429,205,0,816,10320,48,179,0,3737,0,56,108,180,14,0,5,40,50,46,0,0,0,0,0,0,0.0,0.0,0.0,0.0,0.0,0.13215952559706257,-3.295261947220142,-3.3331527656087285,-0.23662243785651468,-362.9986225869184
"(131, 92)",0,15,8,492,6,0,6669,5550,437,2040,2,135,0,0,3,0,8,0,6,15,53,7,0,0,0,0,0,0,0.0,0.0,0.0,0.0,0.0,0.1573585479819899,-3.2938707702320316,-3.6462505391318674,-0.3158220565741202,-359.08634059234276
"(28, 47)",0,36,15,660,102,0,1508,2816,1270,10414,0,4490,0,101,0,0,15,0,16,36,76,53,0,0,0,0,0,0,0.0,0.0,0.0,0.0,0.0,0.22573311516273134,-3.6228574004416734,-3.669994683144509,-0.6094918250353276,-667.5432570253406
"(151, 73)",0,3,0,21,0,0,0,576,0,0,0,0,0,0,0,0,4,0,1,3,10,2,0,0,0,0,0,0,0.0,0.0,0.0,0.0,0.0,0.14593067360528778,-3.68643276410092,-3.69691334478442,-0.27610675944341245,-66.12110101926616
"(14, 27)",0,240,416,7744,8374,2,147095,32912,21182,53594,1344,486063,920,38190,20196,70416,30,1,42,206,120,184,15,3,3,0,27,0,0.0047169811320754715,0.022727272727272728,1.1107260610395866,30.0,21.0,0.7260857773501431,-1.9945189965256316,-1.9304024348595483,-0.6478170998062907,-942.930008006957
"(44, 71)",0,0,0,0,0,0,0,0,0,0,0,0,0,0,0,0,11,0,42,0,50,13,0,0,0,0,0,0,0.0,0.0,0.0,0.0,0.0,,-2.6504798835957177,-3.9425853500013033,-0.3299651507178433,-759.890781625886
"(149, 90)",0,30,15,437,0,0,560,1344,836,468,0,0,3,0,0,0,11,1,5,18,30,32,1,3,0,0,8,0,0.024390243902439025,0.09090909090909091,0.7304717031327294,8.0,4.5,0.655184842210284,-1.7462755064817015,-1.7830431368262445,-0.23814840262969864,-145.50601362143078
"(48, 81)",0,12,0,64,13,0,0,4700,0,0,0,0,0,0,24,0,8,0,2,12,34,14,0,0,0,0,0,0,0.0,0.0,0.0,0.0,0.0,0.10683922043024363,-3.9191211962796806,-4.115069423667645,-0.22403510724502593,-253.98425148028372
"(32, 143)",0,36,0,408,168,0,994,3072,0,74,0,2106,0,0,294,148,13,0,8,36,59,34,0,0,0,0,0,0,0.0,0.0,0.0,0.0,0.0,0.12793977346093968,-3.637105177307325,-3.7213629045683665,-0.5137773930319743,-419.6677257068978
"(76, 136)",0,30,2,392,117,0,874,18600,110,2376,0,2618,2,24,120,84,11,0,3,28,38,22,0,0,2,0,0,0,0.0,0.0,0.12717215154530523,2.0,0.0,0.40464042015703194,-2.615381575356937,-3.0584532776338347,-0.1607519621018368,-184.48306155308677
"(6, 90)",0,230,235,1311,8240,0,4368,13664,2983,990,755,67920,141,20010,6897,80495,33,0,52,229,86,246,0,0,1,0,0,0,0.0,0.0,0.03892494720807615,1.0,0.0,0.3126489540530547,-2.785485910059967,-2.93080355561126,-1.1882766678787282,-1398.951393008349
"(125, 106)",0,45,10,102,234,0,0,2502,0,0,0,1110,7,114,42,217,14,0,11,45,37,35,0,0,0,0,0,0,0.0,0.0,0.0,0.0,0.0,0.14356843532683106,-3.542817358513378,-4.070864567770475,-0.4178052354728786,-323.40995655668985
"(64, 142)",0,45,42,235,120,0,2790,1248,0,178,55,1740,0,40,0,50,14,0,23,45,52,23,0,0,0,0,0,0,0.0,0.0,0.0,0.0,0.0,0.16010917240575362,-3.7396551714087938,-3.8078840000928964,-0.35389379438688934,-464.6181227632
"(3, 131)",0,100,148,3649,918,7,13585,133385,2829,29376,196,47790,0,2245,1491,1172,25,0,41,85,100,159,0,0,15,0,0,0,0.0,0.0,0.5609993497081089,15.0,0.0,0.281968543777709,-2.166218872896621,-2.490268103174111,-0.9653064477910004,-1102.056259906907
"(101, 34)",0,60,18,3536,468,0,208365,34122,2046,73320,11,74494,0,282,0,793,14,1,9,45,46,37,30,2,0,0,12,0,0.02,0.022727272727272728,0.5921084838216027,12.0,21.0,0.7224622182803163,-2.1937651764818704,-2.498650208366116,-0.38078420614059744,-186.6226138494475
"(69, 80)",0,12,0,176,13,0,280,2006,0,153,0,308,0,0,22,0,8,0,2,12,27,14,0,0,0,0,0,0,0.0,0.0,0.0,0.0,0.0,0.18461626572828455,-3.3498994077272335,-3.8792404655686656,-0.3118110811486412,-51.73006862551025
"(109, 113)",0,25,18,528,28,0,4304,5733,1008,3510,15,816,0,6,0,4,10,0,9,24,57,11,0,0,1,0,0,0,0.0,0.0,0.050251890762960605,1.0,0.0,0.25533017002888714,-3.2480719235701687,-3.2879942543814153,-0.4016251358213733,-609.4095503025859
"(76, 63)",0,72,92,252,260,0,138,8432,605,198,0,1078,6,184,288,132,18,0,48,72,37,33,0,0,0,0,0,0,0.0,0.0,0.0,0.0,0.0,0.20850055901632783,-3.2621391078796416,-3.6434129001114934,-0.32295920909137144,-281.31477031965454
"(74, 143)",0,40,0,448,102,0,2282,2136,0,190,0,2988,0,0,87,52,14,0,28,40,64,23,0,0,0,0,0,0,0.0,0.0,0.0,0.0,0.0,0.1270133551860306,-3.735357839925102,-4.079598929175033,-0.19301681630679704,-483.2370018945155
"(144, 122)",0,28,0,136,96,0,0,1480,0,14,0,234,0,0,99,56,11,0,5,28,25,22,0,0,0,0,0,0,0.0,0.0,0.0,0.0,0.0,0.19623847119315127,-3.189658100267248,-3.117766829241428,-0.1597557042415154,-182.67183690979843
"(96, 138)",0,55,7,140,432,0,247,4200,240,324,0,2584,0,141,0,770,16,0,8,55,24,57,0,0,0,0,0,0,0.0,0.0,0.0,0.0,0.0,0.24180967751750626,-3.489738847929024,-3.742695814405411,-0.6875738366294305,-131.64345787011217
"(66, 36)",0,66,30,671,540,0,1176,16116,388,1250,10,6935,45,670,767,783,17,0,13,66,72,57,0,0,0,0,0,0,0.0,0.0,0.0,0.0,0.0,0.21168676859286686,-2.866995123212312,-2.9089787176782504,-0.42913075369654347,-619.3625755565153
"(24, 58)",0,54,48,2010,129,0,9492,17066,2898,6402,55,7686,0,0,0,0,21,0,26,53,147,130,0,0,1,0,0,0,0.0,0.0,0.06482037235521644,1.0,0.0,0.31483847202146764,-2.551584610236073,-2.678297002253728,-0.9372994267530448,-1305.8541266159862
"(92, 54)",0,6,0,84,1,0,108,240,0,70,0,5,0,0,1,0,5,0,2,6,19,2,0,0,0,0,0,0,0.0,0.0,0.0,0.0,0.0,0.14975238537340785,-4.062871681725509,-4.4474702190799755,-0.408637929202055,-37.82856063875548
"(136, 2)",0,220,682,1666,2376,0,3686,8625,35070,4536,0,23188,97,2481,1835,6783,47,1,646,172,115,263,3,37,0,0,10,0,0.0036496350364963502,0.06666666666666667,0.8327673026434058,10.0,6.5,0.4738374531544923,-2.449350224695742,-3.0717349117873383,-2.201984076873964,-9043.960415658617
"(67, 71)",0,0,0,0,0,0,0,0,0,0,0,0,0,0,0,0,7,0,7,0,11,14,0,0,0,0,0,0,0.0,0.0,0.0,0.0,0.0,,-2.7603392282122163,-4.209344991717237,-0.35277812155288474,-47.41307836451879
"(13, 34)",0,270,1908,11696,5004,665,208365,53966,191022,94120,16170,266050,3978,17155,48587,25925,33,2,187,193,146,141,22,34,7,0,32,1,0.011299435028248588,0.08522727272727273,2.0999349621841863,41.0,56.0,0.694921304930352,-1.8140191141431072,-1.9055868701570071,-1.0991817027441075,-2708.4600790855307
"(0, 152)",0,66,48,2727,366,0,61125,21294,5352,19728,0,21600,98,610,802,0,23,1,41,42,91,170,10,8,0,0,15,0,0.005376344086021506,0.037037037037037035,0.6726931191902058,15.0,12.5,0.6381473270571818,-2.156285504788688,-2.4431207984270182,-1.2031205983880804,-1427.1758826437615
"(79, 32)",0,54,16,2499,364,0,11005,110208,1248,13912,0,18369,56,304,2548,444,11,2,6,28,60,21,9,4,0,0,18,1,0.046511627906976744,0.1213235294117647,1.4642231897445763,20.0,29.0,0.7213144173578822,-1.4390209796816165,-1.8534077207090018,-0.5851556309915967,-197.10403344427024
"(81, 22)",0,102,54,4832,1417,0,29432,71440,2715,25130,0,62589,298,2104,15168,4164,23,0,29,100,179,122,0,0,2,0,0,0,0.0,0.0,0.07425253927857699,2.0,0.0,0.3478064519892372,-2.0013725984851285,-2.231106551145042,-1.079246922741388,-1146.1710169080354
"(129, 2)",0,176,1364,1190,1056,0,2716,1035,3507,1764,6527,15686,97,1654,734,969,48,0,684,176,129,268,0,0,0,0,0,0,0.0,0.0,0.0,0.0,0.0,0.14564526065808542,-3.7422318703116053,-4.093176768039466,-2.1522553834710907,-9049.363789792076
"(126, 150)",0,9,1,324,4,0,3423,1690,24,2192,0,360,1,1,6,0,6,0,2,9,39,4,0,0,0,0,0,0,0.0,0.0,0.0,0.0,0.0,0.16474312118186163,-3.829486752564415,-4.89238524279497,-0.5830441843248392,-246.82382380961528
"(146, 77)",0,9,0,40,6,0,40,160,0,15,0,100,0,0,0,0,4,1,1,4,3,1,2,0,0,0,4,0,0.16666666666666666,0.125,0.8348905783050559,4.0,3.0,0.8343077322508049,-1.613801152636014,-2.526997817065747,-0.26373000182901224,-13.379088160259652
"(92, 96)",0,33,14,120,48,0,351,1680,456,90,8,76,0,0,0,0,14,0,9,31,18,49,0,0,2,0,0,0,0.0,0.0,0.27817064337356656,2.0,0.0,0.3592528837473936,-2.3170960268244296,-2.342223965326599,-0.5509853447703391,-152.26621424334422
"(54, 35)",0,30,0,560,44,0,1792,1416,0,1883,0,1805,0,0,93,0,17,0,61,30,87,45,0,0,0,0,0,0,0.0,0.0,0.0,0.0,0.0,0.18346095977810561,-3.5748371789904967,-4.140881306812925,-0.5932996823877134,-893.0604682774846
"(118, 43)",0,36,18,363,108,0,3382,6394,224,1332,0,2660,10,144,64,0,13,0,11,36,44,31,0,0,0,0,0,0,0.0,0.0,0.0,0.0,0.0,0.2338626345946766,-3.6687895722126296,-3.9810248913355055,-0.17086986411979177,-297.4659644396313
"(152, 58)",0,9,2,405,2,0,3423,8957,504,3014,0,216,0,0,0,0,6,0,3,9,42,3,0,0,0,0,0,0,0.0,0.0,0.0,0.0,0.0,0.23094069141921958,-3.169469691975501,-3.49189158353827,-0.3934897754536087,-217.329243315298
"(115, 87)",0,11,0,40,0,0,26,2688,0,36,0,0,0,0,0,0,12,0,7,11,14,48,0,0,0,0,0,0,0.0,0.0,0.0,0.0,0.0,0.1703953753376625,-3.2936109714870256,-3.1534724954993347,-0.2425826132085243,-153.04901175767193
"(10, 89)",0,84,111,1190,519,0,7986,43076,1400,4125,202,16536,85,966,0,0,25,0,40,83,97,176,0,0,1,0,0,0,0.0,0.0,0.03892494720807615,1.0,0.0,0.29636156889817733,-2.6725102925482016,-2.9479641018258604,-0.9759321179368691,-1255.5934851694635
"(74, 140)",0,40,28,1008,85,0,4727,20025,2760,7600,0,3320,4,20,290,26,14,0,29,38,70,22,0,0,2,0,0,0,0.0,0.0,0.12717215154530523,2.0,0.0,0.34622401425070504,-2.7985411266330105,-3.1766918669681212,-0.24640741541752298,-422.63459394611795
"(40, 12)",0,68,54,1573,436,0,8246,18998,1071,3249,0,8974,294,1068,2400,0,21,0,29,67,152,113,0,0,1,0,0,0,0.0,0.0,0.045454545454545456,1.0,0.0,0.26585835208556086,-3.1292234645750496,-3.049373227882508,-0.5694599954613774,-1201.6492832769468
"(108, 14)",0,120,128,726,1738,0,806,9163,3204,2743,252,12228,0,4020,0,4564,26,0,36,119,125,169,0,0,1,0,0,0,0.0,0.0,0.050251890762960605,1.0,0.0,0.26084790910324235,-2.7346915663434754,-3.1028518382827897,-0.8320690291528898,-1445.6524478587514
"(77, 35)",0,45,0,640,132,0,3584,3540,0,807,0,3610,0,0,279,65,18,0,61,45,88,47,0,0,0,0,0,0,0.0,0.0,0.0,0.0,0.0,0.18872007782343386,-2.7098316054057645,-3.0114202715216787,-0.8322655443187726,-887.611964768389
"(153, 88)",0,20,0,1080,40,0,68666,26702,0,34661,0,8064,0,0,0,0,9,0,2,19,67,14,0,0,1,0,0,0,0.0,0.0,0.029012942659282972,1.0,0.0,0.3645719343610868,-3.2434187624841844,-3.605046699479244,-0.23145001327015033,-393.96954196993454
"(103, 97)",0,15,0,1080,10,0,35568,12482,0,10879,0,2184,0,0,6,0,8,0,2,11,61,11,0,0,4,0,0,0,0.0,0.0,0.33580975446835515,4.0,0.0,0.3438554798875564,-2.346638250503276,-2.6567785291943893,-0.08239289622728732,-504.05158466172884
"(75, 113)",0,20,6,576,20,0,6456,5733,392,4050,0,3672,0,4,0,2,9,0,7,20,60,9,0,0,0,0,0,0,0.0,0.0,0.0,0.0,0.0,0.1896794160834881,-3.567002052734174,-3.2865559188371942,-0.26228339019045704,-601.6319472900354
"(141, 8)",0,90,52,655,1016,0,3762,3248,0,269,64,13820,0,1128,0,2340,23,0,28,90,136,135,0,0,0,0,0,0,0.0,0.0,0.0,0.0,0.0,0.12344844519824968,-3.127753898662271,-3.675189612171218,-0.8908480858927796,-1240.2882729430285
"(107, 53)",0,20,0,30,54,0,0,882,0,0,0,180,0,0,0,28,9,0,1,20,13,15,0,0,0,0,0,0,0.0,0.0,0.0,0.0,0.0,0.16506041474547575,-3.640943003510597,-4.046080907385094,-0.44556800023780196,-43.88621651498338
"(110, 18)",0,63,0,222,510,0,389,628,0,0,0,3860,0,0,0,707,24,0,40,63,113,173,0,0,0,0,0,0,0.0,0.0,0.0,0.0,0.0,0.08026310506279083,-3.415919447500011,-3.801192080238879,-1.0676966873670382,-1470.3836234126113
"(79, 28)",0,72,30,3234,663,0,58435,50512,4064,47752,0,70493,32,808,1534,1140,14,2,10,39,76,41,6,7,1,0,21,1,0.030303030303030304,0.1213235294117647,1.6630739956177916,24.0,29.0,0.7659575126896421,-1.4077889889820754,-1.7777979164170503,-0.6764661304574286,-423.72278673680034
"(86, 35)",0,150,244,880,1804,0,1344,10620,3126,269,542,13357,26,1484,2511,5850,25,0,65,150,91,85,0,0,0,0,0,0,0.0,0.0,0.0,0.0,0.0,0.2117120301413619,-3.114771579599141,-3.3310937114744785,-0.7688185437890234,-862.9779834966822
"(67, 37)",0,112,469,1034,742,156,4338,4230,6057,2064,1776,12501,78,1904,1332,740,23,0,74,112,105,67,0,0,0,0,0,0,0.0,0.0,0.0,0.0,0.0,0.15054699320399229,-2.9947461785508382,-3.0796381207455337,-0.7412267817670772,-1068.3969299843575
"(34, 99)",0,30,9,1020,72,0,19575,20328,1302,8580,0,4382,0,47,77,0,13,0,10,29,81,38,0,0,1,0,0,0,0.0,0.0,0.03892494720807615,1.0,0.0,0.34480862261065465,-3.0607753267540985,-3.240213422447994,-0.3807842061405975,-583.7156842162116
"(62, 148)",0,16,0,56,19,0,40,272,0,45,0,225,0,0,0,0,10,0,9,16,15,20,0,0,0,0,0,0,0.0,0.0,0.0,0.0,0.0,0.146338472495602,-4.199713243682433,-4.645430576357055,-0.36481353561367863,-63.103090257134
"(11, 149)",0,102,1158,3335,0,1922,12320,4848,115940,14768,0,0,134,0,0,0,37,0,389,102,168,175,0,0,0,0,0,0,0.0,0.0,0.0,0.0,0.0,0.2086761093479611,-2.644175183179977,-2.77742852780668,-1.7668878433597865,-4666.326928109517
"(119, 126)",0,24,7,456,42,0,4242,1450,30,2448,0,2400,8,27,90,0,11,0,8,24,50,23,0,0,0,0,0,0,0.0,0.0,0.0,0.0,0.0,0.23767910105076062,-3.3993497120595286,-4.085532458704354,-0.6366433858929147,-307.7239022240554
"(11, 99)",0,102,386,2175,350,0,15840,16968,36890,9372,0,11004,0,398,548,0,37,0,387,101,158,177,0,0,1,0,0,0,0.0,0.0,0.03892494720807615,1.0,0.0,0.2669259617733375,-2.64781315877663,-3.2058605690368407,-1.5733560259746993,-4679.680330962789
"(42, 82)",0,32,12,473,88,0,1900,12512,413,1692,0,3164,0,104,32,0,12,0,8,32,54,26,0,0,0,0,0,0,0.0,0.0,0.0,0.0,0.0,0.2259178919542039,-3.26715813991977,-3.668251461262839,-0.2234446611651586,-373.9786090139381
"(19, 60)",0,147,308,5310,2324,4,101178,20352,11913,26730,2114,130375,264,2088,15180,10448,26,1,45,120,117,160,12,6,0,0,20,0,0.0055248618784530384,0.029411764705882353,0.8458463020479343,20.0,16.0,0.6548051527652867,-2.324455789737753,-2.294176560467091,-1.0747578966731959,-1249.1373023010722
"(85, 26)",0,99,189,3770,690,0,175904,25872,16279,74562,520,99235,45,427,306,1222,18,1,26,80,51,47,28,4,0,0,14,0,0.016129032258064516,0.022727272727272728,0.6869399868871793,14.0,21.0,0.8250295085720759,-2.618181513457291,-2.6900910935821396,-0.5986161551984753,-321.95185975546093
"(102, 69)",0,54,6,400,429,0,440,2210,160,144,0,3080,8,136,583,780,15,0,5,54,41,46,0,0,0,0,0,0,0.0,0.0,0.0,0.0,0.0,0.19654093558733748,-3.57479714081052,-3.763033986167179,-0.3648115447799155,-82.93973715897586
"(50, 119)",0,24,7,228,42,0,808,1015,150,918,0,800,0,27,30,0,11,0,8,24,44,23,0,0,0,0,0,0,0.0,0.0,0.0,0.0,0.0,0.16464162275241556,-4.191124112340061,-4.454291589522252,-0.35534076657490793,-328.71720368730325
"(115, 53)",0,4,0,40,0,0,30,2352,0,36,0,0,0,0,0,0,5,0,0,3,12,6,0,0,1,0,0,0,0.0,0.0,0.13483997249264842,1.0,0.0,0.33283783497030306,-2.565396805771085,-2.2345723961206287,-0.5038960584810874,-34.52535300326414
"(46, 107)",0,60,24,54,378,0,0,972,0,0,0,420,1,84,56,630,17,0,25,60,21,51,0,0,0,0,0,0,0.0,0.0,0.0,0.0,0.0,0.1913840916062226,-2.9735353543322707,-3.2447983928988022,-0.28877227069868255,-171.8545896972205
"(131, 137)",0,30,12,410,72,0,2223,13875,230,7344,2,5400,0,50,0,18,11,0,7,29,49,18,0,0,1,0,0,0,0.0,0.0,0.0716114874039433,1.0,0.0,0.3186142729127648,-2.8847974643930354,-3.1602445689711844,-0.2893107140501551,-327.48435077114755
"(88, 71)",0,0,0,0,0,0,0,0,0,0,0,0,0,0,0,0,5,0,0,0,45,10,0,0,0,0,0,0,0.0,0.0,0.0,0.0,0.0,,-2.0576781136904216,-3.93296415765911,-0.25560294091248936,-602.9253685158719
"(25, 116)",0,63,0,4182,507,0,75270,72774,0,30780,0,42600,0,0,431,690,24,0,41,43,93,172,0,0,20,0,0,0,0.0,0.0,0.6624740445393277,20.0,0.0,0.2646935072145141,-2.0903302082037816,-2.4312061569367724,-1.0382478165038755,-1258.0425271031183
"(5, 141)",0,95,70,695,1088,0,4221,1504,0,294,96,18080,0,1516,0,2430,24,0,37,95,144,144,0,0,0,0,0,0,0.0,0.0,0.0,0.0,0.0,0.12320475675301867,-3.076396417921936,-3.6320170725975656,-0.9415561788677445,-1377.805138617214
"(122, 34)",0,70,45,1156,576,1,0,44770,465,3640,22,4069,234,846,2541,854,17,0,14,70,85,52,0,0,0,0,0,0,0.0,0.0,0.0,0.0,0.0,0.21278048129735586,-2.597951337036822,-2.787252773179475,-0.5511736967944886,-599.2628805457584
"(71, 148)",0,0,0,0,0,0,0,0,0,0,0,0,0,0,0,0,2,0,0,0,7,1,0,0,0,0,0,0,0.0,0.0,0.0,0.0,0.0,,-3.58196810068951,-1.8845584298909954,-0.27610675944341256,-16.401219466856727
"(77, 78)",0,21,0,328,48,0,968,5360,0,495,0,1520,0,0,51,15,10,0,5,18,43,19,0,0,3,0,0,0,0.0,0.0,0.4113386381207179,3.0,0.0,0.33612247731666123,-2.0132345894649513,-2.150538056729919,-0.0719265387001618,-353.7612189033727
"(47, 61)",0,30,36,80,18,0,4,608,660,82,0,20,0,4,0,0,13,0,37,30,18,11,0,0,0,0,0,0,0.0,0.0,0.0,0.0,0.0,0.25642692356865804,-3.0088443244146665,-3.348592436649293,-0.17398768846372184,-113.24310133513653
"(30, 44)",0,143,1596,3650,520,1488,192204,58688,188640,56330,14194,15066,66,176,420,335,24,0,80,132,101,53,0,0,11,0,0,0,0.0,0.0,0.46139250616141847,11.0,0.0,0.3942658849569456,-2.9003748222310457,-2.9193793336054767,-0.6544836885706923,-501.2983143797713
"(77, 133)",0,12,0,312,15,0,2176,3440,0,537,0,1010,0,0,12,2,7,0,1,12,47,8,0,0,0,0,0,0,0.0,0.0,0.0,0.0,0.0,0.1513110098045689,-3.0804194148439192,-3.46804418870321,-0.21058414957216998,-364.8205038097503
"(25, 89)",0,84,123,1148,507,0,4290,55358,2016,3762,250,11076,104,1016,0,0,25,0,44,84,96,172,0,0,0,0,0,0,0.0,0.0,0.0,0.0,0.0,0.19399360616191652,-2.817241872007181,-2.952191429464483,-0.9803221860174958,-1206.0497502176268
"(96, 36)",0,121,70,610,2160,0,5096,13272,2328,2250,80,27740,0,3149,0,9570,22,0,17,120,69,93,0,0,1,0,0,0,0.0,0.0,0.03892494720807615,1.0,0.0,0.357689262832547,-2.8443346989300107,-3.2390767127807885,-0.3000009011414791,-574.9713036317552
"(97, 49)",0,21,26,216,8,0,1008,3713,930,301,26,286,0,0,1,0,10,0,15,21,33,9,0,0,0,0,0,0,0.0,0.0,0.0,0.0,0.0,0.23501971373152353,-3.66892853160546,-4.159535855328713,-0.5196869518651718,-82.68010643437755
"(106, 93)",0,45,3,57,297,0,0,990,0,0,0,198,4,51,106,455,14,0,4,45,22,42,0,0,0,0,0,0,0.0,0.0,0.0,0.0,0.0,0.15293568186567227,-3.0683189534770263,-2.99195739183772,-0.20847056273306783,-96.17172141539321
"(51, 79)",0,12,0,147,13,0,0,2583,0,188,0,157,0,0,26,0,8,0,2,12,52,14,0,0,0,0,0,0,0.0,0.0,0.0,0.0,0.0,0.11232691270851776,-4.001169767606004,-4.139114344414992,-0.4577731140452195,-405.90023404772757
"(127, 153)",0,12,2,288,8,0,2919,1690,24,2192,0,720,0,4,0,0,7,0,3,12,36,6,0,0,0,0,0,0,0.0,0.0,0.0,0.0,0.0,0.16474312118186163,-4.032556023376519,-4.89620556980537,-0.2683262084979545,-235.8664876577425
"(47, 145)",0,9,0,110,6,0,76,128,0,164,0,100,0,0,0,0,6,0,1,9,21,5,0,0,0,0,0,0,0.0,0.0,0.0,0.0,0.0,0.19024137643253858,-3.3449102973722673,-3.6401781953384953,-0.22234799559987192,-42.41462012089699
"(150, 7)",0,72,57,1755,438,0,44825,19435,4896,15344,0,21768,39,801,306,0,25,1,51,46,58,203,7,7,0,0,18,0,0.0045045045045045045,0.037037037037037035,0.8037929323932104,18.0,12.5,0.6374516798293748,-2.266944427013645,-2.4461380984667733,-1.2787713525828195,-1610.4521104335888
"(144, 105)",0,20,0,88,42,0,112,392,0,13,0,108,0,0,21,16,9,0,3,20,19,13,0,0,0,0,0,0,0.0,0.0,0.0,0.0,0.0,0.20386925226805303,-3.8949751257684593,-4.072441295785688,-0.33282067170434676,-48.908077042549934
"(15, 120)",0,114,56,5985,1859,0,117972,30932,5208,41984,0,114310,465,2752,18504,6732,23,1,25,90,130,138,14,5,0,0,18,0,0.006369426751592357,0.029411764705882353,0.7392841118201253,18.0,16.0,0.6581855595976785,-1.91710516405227,-2.232103429163468,-1.0645358327760208,-1235.2736538921245
"(53, 99)",0,12,0,150,12,0,675,4116,0,297,0,420,0,0,0,0,7,0,1,12,25,8,0,0,0,0,0,0,0.0,0.0,0.0,0.0,0.0,0.26577858317278835,-3.392137076593821,-4.112152994112846,-0.17808187037952747,-56.69215113223346
"(150, 123)",0,24,5,999,46,0,28851,23998,144,20824,0,4872,4,22,42,0,11,0,6,23,62,25,0,0,1,0,0,0,0.0,0.0,0.03300491809922248,1.0,0.0,0.36309221539881076,-2.981430787953676,-3.1994181149079037,-0.1556225908191257,-189.27229062913568
"(69, 56)",0,24,0,160,78,0,300,1666,0,81,0,1320,0,0,0,48,10,0,2,24,26,19,0,0,0,0,0,0,0.0,0.0,0.0,0.0,0.0,0.19561858896473566,-3.8748660544014313,-4.023163356696228,-0.17618294655440678,-29.866369046136157
"(131, 2)",0,220,2728,4879,1584,4921,47918,21275,80661,25704,13054,92070,0,4135,1101,1938,47,1,660,162,95,249,11,26,10,0,21,0,0.0036900369003690036,0.029411764705882353,1.7732467501716638,31.0,16.0,0.6359805675325941,-2.310038272383413,-2.655403546850668,-2.1086290613227847,-9028.832371907234
"(0, 27)",0,264,624,6464,9699,8,136875,22176,26537,36576,2608,429300,980,57950,17644,81972,32,1,57,228,101,208,14,4,3,0,28,0,0.004219409282700422,0.022727272727272728,1.1515767649681805,31.0,21.0,0.7154346808490106,-1.849113622804728,-1.9471858105772837,-0.678467492644841,-1034.3674395494088
